{"type":"FeatureCollection","features":[{"type":"Feature","geometry":{"geodesic":false,"type":"Point","coordinates":[80.00059052136913,12.802115692808332]},"id":"0","properties":{"lst":39.27237223999998}},{"type":"Feature","geometry":{"geodesic":false,"type":"Point","coordinates":[80.00283630957944,12.802115692808332]},"id":"1","properties":{"lst":38.320453670000006}},{"type":"Feature","geometry":{"geodesic":false,"type":"Point","coordinates":[80.00508209778974,12.802115692808332]},"id":"2","properties":{"lst":36.462759800000015}},{"type":"Feature","geometry":{"geodesic":false,"type":"Point","coordinates":[80.00732788600004,12.802115692808332]},"id":"3","properties":{"lst":37.12756469000004}},{"type":"Feature","geometry":{"geodesic":false,"type":"Point","coordinates":[80.00957367421033,12.802115692808332]},"id":"4","properties":{"lst":35.211764480000056}},{"type":"Feature","geometry":{"geodesic":false,"type":"Point","coordinates":[80.01181946242063,12.802115692808332]},"id":"5","properties":{"lst":34.446128000000044}},{"type":"Feature","geometry":{"geodesic":false,"type":"Point","coordinates":[80.01406525063094,12.802115692808332]},"id":"6","properties":{"lst":35.68345124000001}},{"type":"Feature","geometry":{"geodesic":false,"type":"Point","coordinates":[80.01631103884124,12.802115692808332]},"id":"7","properties":{"lst":35.421972710000034}},{"type":"Feature","geometry":{"geodesic":false,"type":"Point","coordinates":[80.01855682705153,12.802115692808332]},"id":"8","properties":{"lst":34.02912956}},{"type":"Feature","geometry":{"geodesic":false,"type":"Point","coordinates":[80.02080261526183,12.802115692808332]},"id":"9","properties":{"lst":33.66169241000003}},{"type":"Feature","geometry":{"geodesic":false,"type":"Point","coordinates":[80.02304840347213,12.802115692808332]},"id":"10","properties":{"lst":35.970564920000015}},{"type":"Feature","geometry":{"geodesic":false,"type":"Point","coordinates":[80.02529419168242,12.802115692808332]},"id":"11","properties":{"lst":39.77994821000004}},{"type":"Feature","geometry":{"geodesic":false,"type":"Point","coordinates":[80.02753997989272,12.802115692808332]},"id":"12","properties":{"lst":42.307574000000045}},{"type":"Feature","geometry":{"geodesic":false,"type":"Point","coordinates":[80.02978576810303,12.802115692808332]},"id":"13","properties":{"lst":40.09611505999999}},{"type":"Feature","geometry":{"geodesic":false,"type":"Point","coordinates":[80.03203155631333,12.802115692808332]},"id":"14","properties":{"lst":39.15615955999999}},{"type":"Feature","geometry":{"geodesic":false,"type":"Point","coordinates":[80.03427734452362,12.802115692808332]},"id":"15","properties":{"lst":37.73084521999999}},{"type":"Feature","geometry":{"geodesic":false,"type":"Point","coordinates":[80.03652313273392,12.802115692808332]},"id":"16","properties":{"lst":36.324329990000024}},{"type":"Feature","geometry":{"geodesic":false,"type":"Point","coordinates":[80.03876892094422,12.802115692808332]},"id":"17","properties":{"lst":35.370702410000035}},{"type":"Feature","geometry":{"geodesic":false,"type":"Point","coordinates":[80.04101470915452,12.802115692808332]},"id":"18","properties":{"lst":36.42174356000004}},{"type":"Feature","geometry":{"geodesic":false,"type":"Point","coordinates":[80.04326049736481,12.802115692808332]},"id":"19","properties":{"lst":37.38562520000005}},{"type":"Feature","geometry":{"geodesic":false,"type":"Point","coordinates":[80.04550628557512,12.802115692808332]},"id":"20","properties":{"lst":34.99301120000001}},{"type":"Feature","geometry":{"geodesic":false,"type":"Point","coordinates":[80.04775207378542,12.802115692808332]},"id":"21","properties":{"lst":35.80308194000003}},{"type":"Feature","geometry":{"geodesic":false,"type":"Point","coordinates":[80.04999786199572,12.802115692808332]},"id":"22","properties":{"lst":34.69564346000004}},{"type":"Feature","geometry":{"geodesic":false,"type":"Point","coordinates":[80.05224365020601,12.802115692808332]},"id":"23","properties":{"lst":35.47495202000002}},{"type":"Feature","geometry":{"geodesic":false,"type":"Point","coordinates":[80.05448943841631,12.802115692808332]},"id":"24","properties":{"lst":35.568947570000006}},{"type":"Feature","geometry":{"geodesic":false,"type":"Point","coordinates":[80.05673522662661,12.802115692808332]},"id":"25","properties":{"lst":35.84238917000002}},{"type":"Feature","geometry":{"geodesic":false,"type":"Point","coordinates":[80.0589810148369,12.802115692808332]},"id":"26","properties":{"lst":36.62340674000001}},{"type":"Feature","geometry":{"geodesic":false,"type":"Point","coordinates":[80.0612268030472,12.802115692808332]},"id":"27","properties":{"lst":32.21074292000003}},{"type":"Feature","geometry":{"geodesic":false,"type":"Point","coordinates":[80.06347259125751,12.802115692808332]},"id":"28","properties":{"lst":31.210972070000025}},{"type":"Feature","geometry":{"geodesic":false,"type":"Point","coordinates":[80.06571837946781,12.802115692808332]},"id":"29","properties":{"lst":33.57965992999999}},{"type":"Feature","geometry":{"geodesic":false,"type":"Point","coordinates":[80.0679641676781,12.802115692808332]},"id":"30","properties":{"lst":36.13975691000002}},{"type":"Feature","geometry":{"geodesic":false,"type":"Point","coordinates":[80.0702099558884,12.802115692808332]},"id":"31","properties":{"lst":36.100449680000025}},{"type":"Feature","geometry":{"geodesic":false,"type":"Point","coordinates":[80.0724557440987,12.802115692808332]},"id":"32","properties":{"lst":36.07994156000001}},{"type":"Feature","geometry":{"geodesic":false,"type":"Point","coordinates":[80.074701532309,12.802115692808332]},"id":"33","properties":{"lst":38.411031200000025}},{"type":"Feature","geometry":{"geodesic":false,"type":"Point","coordinates":[80.0769473205193,12.802115692808332]},"id":"34","properties":{"lst":38.18031485}},{"type":"Feature","geometry":{"geodesic":false,"type":"Point","coordinates":[80.0791931087296,12.802115692808332]},"id":"35","properties":{"lst":38.380269020000014}},{"type":"Feature","geometry":{"geodesic":false,"type":"Point","coordinates":[80.00059052136913,12.80436148101863]},"id":"36","properties":{"lst":38.61269437999999}},{"type":"Feature","geometry":{"geodesic":false,"type":"Point","coordinates":[80.00283630957944,12.80436148101863]},"id":"37","properties":{"lst":37.633431650000034}},{"type":"Feature","geometry":{"geodesic":false,"type":"Point","coordinates":[80.00508209778974,12.80436148101863]},"id":"38","properties":{"lst":34.86312644000003}},{"type":"Feature","geometry":{"geodesic":false,"type":"Point","coordinates":[80.00732788600004,12.80436148101863]},"id":"39","properties":{"lst":38.30336356999999}},{"type":"Feature","geometry":{"geodesic":false,"type":"Point","coordinates":[80.00957367421033,12.80436148101863]},"id":"40","properties":{"lst":35.80991798000002}},{"type":"Feature","geometry":{"geodesic":false,"type":"Point","coordinates":[80.01181946242063,12.80436148101863]},"id":"41","properties":{"lst":34.50423434000004}},{"type":"Feature","geometry":{"geodesic":false,"type":"Point","coordinates":[80.01406525063094,12.80436148101863]},"id":"42","properties":{"lst":34.666590290000045}},{"type":"Feature","geometry":{"geodesic":false,"type":"Point","coordinates":[80.01631103884124,12.80436148101863]},"id":"43","properties":{"lst":34.722987620000026}},{"type":"Feature","geometry":{"geodesic":false,"type":"Point","coordinates":[80.01855682705153,12.80436148101863]},"id":"44","properties":{"lst":35.25107171000002}},{"type":"Feature","geometry":{"geodesic":false,"type":"Point","coordinates":[80.02080261526183,12.80436148101863]},"id":"45","properties":{"lst":33.841138460000025}},{"type":"Feature","geometry":{"geodesic":false,"type":"Point","coordinates":[80.02304840347213,12.80436148101863]},"id":"46","properties":{"lst":31.69120387999999}},{"type":"Feature","geometry":{"geodesic":false,"type":"Point","coordinates":[80.02529419168242,12.80436148101863]},"id":"47","properties":{"lst":36.349965139999995}},{"type":"Feature","geometry":{"geodesic":false,"type":"Point","coordinates":[80.02753997989272,12.80436148101863]},"id":"48","properties":{"lst":41.10101294000003}},{"type":"Feature","geometry":{"geodesic":false,"type":"Point","coordinates":[80.02978576810303,12.80436148101863]},"id":"49","properties":{"lst":39.35953175}},{"type":"Feature","geometry":{"geodesic":false,"type":"Point","coordinates":[80.03203155631333,12.80436148101863]},"id":"50","properties":{"lst":37.64197669999999}},{"type":"Feature","geometry":{"geodesic":false,"type":"Point","coordinates":[80.03427734452362,12.80436148101863]},"id":"51","properties":{"lst":37.590706400000045}},{"type":"Feature","geometry":{"geodesic":false,"type":"Point","coordinates":[80.03652313273392,12.80436148101863]},"id":"52","properties":{"lst":36.33971108000003}},{"type":"Feature","geometry":{"geodesic":false,"type":"Point","coordinates":[80.03876892094422,12.80436148101863]},"id":"53","properties":{"lst":35.45615291000004}},{"type":"Feature","geometry":{"geodesic":false,"type":"Point","coordinates":[80.04101470915452,12.80436148101863]},"id":"54","properties":{"lst":35.73643055000002}},{"type":"Feature","geometry":{"geodesic":false,"type":"Point","coordinates":[80.04326049736481,12.80436148101863]},"id":"55","properties":{"lst":36.11412175999999}},{"type":"Feature","geometry":{"geodesic":false,"type":"Point","coordinates":[80.04550628557512,12.80436148101863]},"id":"56","properties":{"lst":34.28035403000004}},{"type":"Feature","geometry":{"geodesic":false,"type":"Point","coordinates":[80.04775207378542,12.80436148101863]},"id":"57","properties":{"lst":35.80479094999998}},{"type":"Feature","geometry":{"geodesic":false,"type":"Point","coordinates":[80.04999786199572,12.80436148101863]},"id":"58","properties":{"lst":33.91975292000001}},{"type":"Feature","geometry":{"geodesic":false,"type":"Point","coordinates":[80.05224365020601,12.80436148101863]},"id":"59","properties":{"lst":34.33504235000001}},{"type":"Feature","geometry":{"geodesic":false,"type":"Point","coordinates":[80.05448943841631,12.80436148101863]},"id":"60","properties":{"lst":35.82700808000004}},{"type":"Feature","geometry":{"geodesic":false,"type":"Point","coordinates":[80.05673522662661,12.80436148101863]},"id":"61","properties":{"lst":35.04257249}},{"type":"Feature","geometry":{"geodesic":false,"type":"Point","coordinates":[80.0589810148369,12.80436148101863]},"id":"62","properties":{"lst":34.54866860000004}},{"type":"Feature","geometry":{"geodesic":false,"type":"Point","coordinates":[80.0612268030472,12.80436148101863]},"id":"63","properties":{"lst":33.30280031000001}},{"type":"Feature","geometry":{"geodesic":false,"type":"Point","coordinates":[80.06347259125751,12.80436148101863]},"id":"64","properties":{"lst":32.01249776000003}},{"type":"Feature","geometry":{"geodesic":false,"type":"Point","coordinates":[80.06571837946781,12.80436148101863]},"id":"65","properties":{"lst":32.36626283000001}},{"type":"Feature","geometry":{"geodesic":false,"type":"Point","coordinates":[80.0679641676781,12.80436148101863]},"id":"66","properties":{"lst":35.14682210000001}},{"type":"Feature","geometry":{"geodesic":false,"type":"Point","coordinates":[80.0702099558884,12.80436148101863]},"id":"67","properties":{"lst":35.02035536000005}},{"type":"Feature","geometry":{"geodesic":false,"type":"Point","coordinates":[80.0724557440987,12.80436148101863]},"id":"68","properties":{"lst":36.160265030000005}},{"type":"Feature","geometry":{"geodesic":false,"type":"Point","coordinates":[80.074701532309,12.80436148101863]},"id":"69","properties":{"lst":38.33583476000004}},{"type":"Feature","geometry":{"geodesic":false,"type":"Point","coordinates":[80.0769473205193,12.80436148101863]},"id":"70","properties":{"lst":35.36215736}},{"type":"Feature","geometry":{"geodesic":false,"type":"Point","coordinates":[80.0791931087296,12.80436148101863]},"id":"71","properties":{"lst":36.66784100000001}},{"type":"Feature","geometry":{"geodesic":false,"type":"Point","coordinates":[80.00059052136913,12.806607269228929]},"id":"72","properties":{"lst":35.48862410000004}},{"type":"Feature","geometry":{"geodesic":false,"type":"Point","coordinates":[80.00283630957944,12.806607269228929]},"id":"73","properties":{"lst":36.10386770000002}},{"type":"Feature","geometry":{"geodesic":false,"type":"Point","coordinates":[80.00508209778974,12.806607269228929]},"id":"74","properties":{"lst":35.52793133000003}},{"type":"Feature","geometry":{"geodesic":false,"type":"Point","coordinates":[80.00732788600004,12.806607269228929]},"id":"75","properties":{"lst":39.81412841000002}},{"type":"Feature","geometry":{"geodesic":false,"type":"Point","coordinates":[80.00957367421033,12.806607269228929]},"id":"76","properties":{"lst":37.94959850000001}},{"type":"Feature","geometry":{"geodesic":false,"type":"Point","coordinates":[80.01181946242063,12.806607269228929]},"id":"77","properties":{"lst":34.675135340000026}},{"type":"Feature","geometry":{"geodesic":false,"type":"Point","coordinates":[80.01406525063094,12.806607269228929]},"id":"78","properties":{"lst":34.23933779000001}},{"type":"Feature","geometry":{"geodesic":false,"type":"Point","coordinates":[80.01631103884124,12.806607269228929]},"id":"79","properties":{"lst":35.39291953999998}},{"type":"Feature","geometry":{"geodesic":false,"type":"Point","coordinates":[80.01855682705153,12.806607269228929]},"id":"80","properties":{"lst":33.844556479999994}},{"type":"Feature","geometry":{"geodesic":false,"type":"Point","coordinates":[80.02080261526183,12.806607269228929]},"id":"81","properties":{"lst":33.326726450000024}},{"type":"Feature","geometry":{"geodesic":false,"type":"Point","coordinates":[80.02304840347213,12.806607269228929]},"id":"82","properties":{"lst":31.151156720000017}},{"type":"Feature","geometry":{"geodesic":false,"type":"Point","coordinates":[80.02529419168242,12.806607269228929]},"id":"83","properties":{"lst":34.12825214000003}},{"type":"Feature","geometry":{"geodesic":false,"type":"Point","coordinates":[80.02753997989272,12.806607269228929]},"id":"84","properties":{"lst":39.904705939999985}},{"type":"Feature","geometry":{"geodesic":false,"type":"Point","coordinates":[80.02978576810303,12.806607269228929]},"id":"85","properties":{"lst":38.91689816000002}},{"type":"Feature","geometry":{"geodesic":false,"type":"Point","coordinates":[80.03203155631333,12.806607269228929]},"id":"86","properties":{"lst":38.67080071999999}},{"type":"Feature","geometry":{"geodesic":false,"type":"Point","coordinates":[80.03427734452362,12.806607269228929]},"id":"87","properties":{"lst":37.864148}},{"type":"Feature","geometry":{"geodesic":false,"type":"Point","coordinates":[80.03652313273392,12.806607269228929]},"id":"88","properties":{"lst":37.63514066000005}},{"type":"Feature","geometry":{"geodesic":false,"type":"Point","coordinates":[80.03876892094422,12.806607269228929]},"id":"89","properties":{"lst":36.3943994}},{"type":"Feature","geometry":{"geodesic":false,"type":"Point","coordinates":[80.04101470915452,12.806607269228929]},"id":"90","properties":{"lst":34.35725948000004}},{"type":"Feature","geometry":{"geodesic":false,"type":"Point","coordinates":[80.04326049736481,12.806607269228929]},"id":"91","properties":{"lst":34.86312644000003}},{"type":"Feature","geometry":{"geodesic":false,"type":"Point","coordinates":[80.04550628557512,12.806607269228929]},"id":"92","properties":{"lst":34.60677494000004}},{"type":"Feature","geometry":{"geodesic":false,"type":"Point","coordinates":[80.04775207378542,12.806607269228929]},"id":"93","properties":{"lst":37.23865034000005}},{"type":"Feature","geometry":{"geodesic":false,"type":"Point","coordinates":[80.04999786199572,12.806607269228929]},"id":"94","properties":{"lst":35.668070150000034}},{"type":"Feature","geometry":{"geodesic":false,"type":"Point","coordinates":[80.05224365020601,12.806607269228929]},"id":"95","properties":{"lst":33.67365547999998}},{"type":"Feature","geometry":{"geodesic":false,"type":"Point","coordinates":[80.05448943841631,12.806607269228929]},"id":"96","properties":{"lst":35.31259607000001}},{"type":"Feature","geometry":{"geodesic":false,"type":"Point","coordinates":[80.05673522662661,12.806607269228929]},"id":"97","properties":{"lst":36.380727320000005}},{"type":"Feature","geometry":{"geodesic":false,"type":"Point","coordinates":[80.0589810148369,12.806607269228929]},"id":"98","properties":{"lst":34.92294179000004}},{"type":"Feature","geometry":{"geodesic":false,"type":"Point","coordinates":[80.0612268030472,12.806607269228929]},"id":"99","properties":{"lst":36.946409630000005}},{"type":"Feature","geometry":{"geodesic":false,"type":"Point","coordinates":[80.06347259125751,12.806607269228929]},"id":"100","properties":{"lst":33.58478696000003}},{"type":"Feature","geometry":{"geodesic":false,"type":"Point","coordinates":[80.06571837946781,12.806607269228929]},"id":"101","properties":{"lst":32.08598519000003}},{"type":"Feature","geometry":{"geodesic":false,"type":"Point","coordinates":[80.0679641676781,12.806607269228929]},"id":"102","properties":{"lst":32.36626283000001}},{"type":"Feature","geometry":{"geodesic":false,"type":"Point","coordinates":[80.0702099558884,12.806607269228929]},"id":"103","properties":{"lst":33.76594202000001}},{"type":"Feature","geometry":{"geodesic":false,"type":"Point","coordinates":[80.0724557440987,12.806607269228929]},"id":"104","properties":{"lst":36.52428415999998}},{"type":"Feature","geometry":{"geodesic":false,"type":"Point","coordinates":[80.074701532309,12.806607269228929]},"id":"105","properties":{"lst":36.84386903000001}},{"type":"Feature","geometry":{"geodesic":false,"type":"Point","coordinates":[80.0769473205193,12.806607269228929]},"id":"106","properties":{"lst":37.39417025000003}},{"type":"Feature","geometry":{"geodesic":false,"type":"Point","coordinates":[80.0791931087296,12.806607269228929]},"id":"107","properties":{"lst":36.35338316000002}},{"type":"Feature","geometry":{"geodesic":false,"type":"Point","coordinates":[80.00059052136913,12.808853057439228]},"id":"108","properties":{"lst":38.84511974000003}},{"type":"Feature","geometry":{"geodesic":false,"type":"Point","coordinates":[80.00283630957944,12.808853057439228]},"id":"109","properties":{"lst":37.26941252000006}},{"type":"Feature","geometry":{"geodesic":false,"type":"Point","coordinates":[80.00508209778974,12.808853057439228]},"id":"110","properties":{"lst":36.086777600000005}},{"type":"Feature","geometry":{"geodesic":false,"type":"Point","coordinates":[80.00732788600004,12.808853057439228]},"id":"111","properties":{"lst":39.24502808}},{"type":"Feature","geometry":{"geodesic":false,"type":"Point","coordinates":[80.00957367421033,12.808853057439228]},"id":"112","properties":{"lst":37.44031352000002}},{"type":"Feature","geometry":{"geodesic":false,"type":"Point","coordinates":[80.01181946242063,12.808853057439228]},"id":"113","properties":{"lst":34.617029}},{"type":"Feature","geometry":{"geodesic":false,"type":"Point","coordinates":[80.01406525063094,12.808853057439228]},"id":"114","properties":{"lst":36.182482160000006}},{"type":"Feature","geometry":{"geodesic":false,"type":"Point","coordinates":[80.01631103884124,12.808853057439228]},"id":"115","properties":{"lst":37.676156900000024}},{"type":"Feature","geometry":{"geodesic":false,"type":"Point","coordinates":[80.01855682705153,12.808853057439228]},"id":"116","properties":{"lst":37.57532531000004}},{"type":"Feature","geometry":{"geodesic":false,"type":"Point","coordinates":[80.02080261526183,12.808853057439228]},"id":"117","properties":{"lst":36.74132843000004}},{"type":"Feature","geometry":{"geodesic":false,"type":"Point","coordinates":[80.02304840347213,12.808853057439228]},"id":"118","properties":{"lst":35.56723856000002}},{"type":"Feature","geometry":{"geodesic":false,"type":"Point","coordinates":[80.02529419168242,12.808853057439228]},"id":"119","properties":{"lst":36.04576136000003}},{"type":"Feature","geometry":{"geodesic":false,"type":"Point","coordinates":[80.02753997989272,12.808853057439228]},"id":"120","properties":{"lst":38.55629705000001}},{"type":"Feature","geometry":{"geodesic":false,"type":"Point","coordinates":[80.02978576810303,12.808853057439228]},"id":"121","properties":{"lst":40.81902629000004}},{"type":"Feature","geometry":{"geodesic":false,"type":"Point","coordinates":[80.03203155631333,12.808853057439228]},"id":"122","properties":{"lst":38.49477268999999}},{"type":"Feature","geometry":{"geodesic":false,"type":"Point","coordinates":[80.03427734452362,12.808853057439228]},"id":"123","properties":{"lst":37.56165323000002}},{"type":"Feature","geometry":{"geodesic":false,"type":"Point","coordinates":[80.03652313273392,12.808853057439228]},"id":"124","properties":{"lst":37.46594866999999}},{"type":"Feature","geometry":{"geodesic":false,"type":"Point","coordinates":[80.03876892094422,12.808853057439228]},"id":"125","properties":{"lst":36.50035802000002}},{"type":"Feature","geometry":{"geodesic":false,"type":"Point","coordinates":[80.04101470915452,12.808853057439228]},"id":"126","properties":{"lst":34.350423439999986}},{"type":"Feature","geometry":{"geodesic":false,"type":"Point","coordinates":[80.04326049736481,12.808853057439228]},"id":"127","properties":{"lst":35.26987082000002}},{"type":"Feature","geometry":{"geodesic":false,"type":"Point","coordinates":[80.04550628557512,12.808853057439228]},"id":"128","properties":{"lst":36.17564612000004}},{"type":"Feature","geometry":{"geodesic":false,"type":"Point","coordinates":[80.04775207378542,12.808853057439228]},"id":"129","properties":{"lst":36.196154240000055}},{"type":"Feature","geometry":{"geodesic":false,"type":"Point","coordinates":[80.04999786199572,12.808853057439228]},"id":"130","properties":{"lst":34.220538680000004}},{"type":"Feature","geometry":{"geodesic":false,"type":"Point","coordinates":[80.05224365020601,12.808853057439228]},"id":"131","properties":{"lst":33.266911100000016}},{"type":"Feature","geometry":{"geodesic":false,"type":"Point","coordinates":[80.05448943841631,12.808853057439228]},"id":"132","properties":{"lst":33.742015880000025}},{"type":"Feature","geometry":{"geodesic":false,"type":"Point","coordinates":[80.05673522662661,12.808853057439228]},"id":"133","properties":{"lst":34.24446482000002}},{"type":"Feature","geometry":{"geodesic":false,"type":"Point","coordinates":[80.0589810148369,12.808853057439228]},"id":"134","properties":{"lst":35.36899340000002}},{"type":"Feature","geometry":{"geodesic":false,"type":"Point","coordinates":[80.0612268030472,12.808853057439228]},"id":"135","properties":{"lst":36.001327100000026}},{"type":"Feature","geometry":{"geodesic":false,"type":"Point","coordinates":[80.06347259125751,12.808853057439228]},"id":"136","properties":{"lst":36.13804790000006}},{"type":"Feature","geometry":{"geodesic":false,"type":"Point","coordinates":[80.06571837946781,12.808853057439228]},"id":"137","properties":{"lst":33.10455515000004}},{"type":"Feature","geometry":{"geodesic":false,"type":"Point","coordinates":[80.0679641676781,12.808853057439228]},"id":"138","properties":{"lst":31.42459832000003}},{"type":"Feature","geometry":{"geodesic":false,"type":"Point","coordinates":[80.0702099558884,12.808853057439228]},"id":"139","properties":{"lst":31.345983860000047}},{"type":"Feature","geometry":{"geodesic":false,"type":"Point","coordinates":[80.0724557440987,12.808853057439228]},"id":"140","properties":{"lst":35.99790908}},{"type":"Feature","geometry":{"geodesic":false,"type":"Point","coordinates":[80.074701532309,12.808853057439228]},"id":"141","properties":{"lst":35.83726214000001}},{"type":"Feature","geometry":{"geodesic":false,"type":"Point","coordinates":[80.0769473205193,12.808853057439228]},"id":"142","properties":{"lst":38.082901280000044}},{"type":"Feature","geometry":{"geodesic":false,"type":"Point","coordinates":[80.0791931087296,12.808853057439228]},"id":"143","properties":{"lst":36.47984989999998}},{"type":"Feature","geometry":{"geodesic":false,"type":"Point","coordinates":[80.00059052136913,12.811098845649527]},"id":"144","properties":{"lst":40.24992596000004}},{"type":"Feature","geometry":{"geodesic":false,"type":"Point","coordinates":[80.00283630957944,12.811098845649527]},"id":"145","properties":{"lst":37.655648780000035}},{"type":"Feature","geometry":{"geodesic":false,"type":"Point","coordinates":[80.00508209778974,12.811098845649527]},"id":"146","properties":{"lst":37.166871920000034}},{"type":"Feature","geometry":{"geodesic":false,"type":"Point","coordinates":[80.00732788600004,12.811098845649527]},"id":"147","properties":{"lst":37.348026979999986}},{"type":"Feature","geometry":{"geodesic":false,"type":"Point","coordinates":[80.00957367421033,12.811098845649527]},"id":"148","properties":{"lst":38.328998720000016}},{"type":"Feature","geometry":{"geodesic":false,"type":"Point","coordinates":[80.01181946242063,12.811098845649527]},"id":"149","properties":{"lst":37.036987160000024}},{"type":"Feature","geometry":{"geodesic":false,"type":"Point","coordinates":[80.01406525063094,12.811098845649527]},"id":"150","properties":{"lst":36.813106850000025}},{"type":"Feature","geometry":{"geodesic":false,"type":"Point","coordinates":[80.01631103884124,12.811098845649527]},"id":"151","properties":{"lst":38.16835178000002}},{"type":"Feature","geometry":{"geodesic":false,"type":"Point","coordinates":[80.01855682705153,12.811098845649527]},"id":"152","properties":{"lst":37.34119094000005}},{"type":"Feature","geometry":{"geodesic":false,"type":"Point","coordinates":[80.02080261526183,12.811098845649527]},"id":"153","properties":{"lst":36.73961942}},{"type":"Feature","geometry":{"geodesic":false,"type":"Point","coordinates":[80.02304840347213,12.811098845649527]},"id":"154","properties":{"lst":35.922712639999986}},{"type":"Feature","geometry":{"geodesic":false,"type":"Point","coordinates":[80.02529419168242,12.811098845649527]},"id":"155","properties":{"lst":38.04188504000001}},{"type":"Feature","geometry":{"geodesic":false,"type":"Point","coordinates":[80.02753997989272,12.811098845649527]},"id":"156","properties":{"lst":38.57338715}},{"type":"Feature","geometry":{"geodesic":false,"type":"Point","coordinates":[80.02978576810303,12.811098845649527]},"id":"157","properties":{"lst":39.13736045000002}},{"type":"Feature","geometry":{"geodesic":false,"type":"Point","coordinates":[80.03203155631333,12.811098845649527]},"id":"158","properties":{"lst":38.07093821000004}},{"type":"Feature","geometry":{"geodesic":false,"type":"Point","coordinates":[80.03427734452362,12.811098845649527]},"id":"159","properties":{"lst":37.124146670000016}},{"type":"Feature","geometry":{"geodesic":false,"type":"Point","coordinates":[80.03652313273392,12.811098845649527]},"id":"160","properties":{"lst":37.573616300000026}},{"type":"Feature","geometry":{"geodesic":false,"type":"Point","coordinates":[80.03876892094422,12.811098845649527]},"id":"161","properties":{"lst":36.02012621}},{"type":"Feature","geometry":{"geodesic":false,"type":"Point","coordinates":[80.04101470915452,12.811098845649527]},"id":"162","properties":{"lst":33.971023220000006}},{"type":"Feature","geometry":{"geodesic":false,"type":"Point","coordinates":[80.04326049736481,12.811098845649527]},"id":"163","properties":{"lst":34.11799808000001}},{"type":"Feature","geometry":{"geodesic":false,"type":"Point","coordinates":[80.04550628557512,12.811098845649527]},"id":"164","properties":{"lst":35.772319760000016}},{"type":"Feature","geometry":{"geodesic":false,"type":"Point","coordinates":[80.04775207378542,12.811098845649527]},"id":"165","properties":{"lst":37.40955134000001}},{"type":"Feature","geometry":{"geodesic":false,"type":"Point","coordinates":[80.04999786199572,12.811098845649527]},"id":"166","properties":{"lst":34.890470600000015}},{"type":"Feature","geometry":{"geodesic":false,"type":"Point","coordinates":[80.05224365020601,12.811098845649527]},"id":"167","properties":{"lst":34.50081632000001}},{"type":"Feature","geometry":{"geodesic":false,"type":"Point","coordinates":[80.05448943841631,12.811098845649527]},"id":"168","properties":{"lst":34.94174090000001}},{"type":"Feature","geometry":{"geodesic":false,"type":"Point","coordinates":[80.05673522662661,12.811098845649527]},"id":"169","properties":{"lst":36.09874067000001}},{"type":"Feature","geometry":{"geodesic":false,"type":"Point","coordinates":[80.0589810148369,12.811098845649527]},"id":"170","properties":{"lst":33.93342500000006}},{"type":"Feature","geometry":{"geodesic":false,"type":"Point","coordinates":[80.0612268030472,12.811098845649527]},"id":"171","properties":{"lst":35.27670686000005}},{"type":"Feature","geometry":{"geodesic":false,"type":"Point","coordinates":[80.06347259125751,12.811098845649527]},"id":"172","properties":{"lst":36.65758693999999}},{"type":"Feature","geometry":{"geodesic":false,"type":"Point","coordinates":[80.06571837946781,12.811098845649527]},"id":"173","properties":{"lst":33.85481054000002}},{"type":"Feature","geometry":{"geodesic":false,"type":"Point","coordinates":[80.0679641676781,12.811098845649527]},"id":"174","properties":{"lst":31.137484640000025}},{"type":"Feature","geometry":{"geodesic":false,"type":"Point","coordinates":[80.0702099558884,12.811098845649527]},"id":"175","properties":{"lst":33.6428933}},{"type":"Feature","geometry":{"geodesic":false,"type":"Point","coordinates":[80.0724557440987,12.811098845649527]},"id":"176","properties":{"lst":36.061142450000006}},{"type":"Feature","geometry":{"geodesic":false,"type":"Point","coordinates":[80.074701532309,12.811098845649527]},"id":"177","properties":{"lst":35.35873934}},{"type":"Feature","geometry":{"geodesic":false,"type":"Point","coordinates":[80.0769473205193,12.811098845649527]},"id":"178","properties":{"lst":39.749186030000004}},{"type":"Feature","geometry":{"geodesic":false,"type":"Point","coordinates":[80.0791931087296,12.811098845649527]},"id":"179","properties":{"lst":34.88363456000002}},{"type":"Feature","geometry":{"geodesic":false,"type":"Point","coordinates":[80.00059052136913,12.813344633859826]},"id":"180","properties":{"lst":40.448171119999984}},{"type":"Feature","geometry":{"geodesic":false,"type":"Point","coordinates":[80.00283630957944,12.813344633859826]},"id":"181","properties":{"lst":38.50331774000006}},{"type":"Feature","geometry":{"geodesic":false,"type":"Point","coordinates":[80.00508209778974,12.813344633859826]},"id":"182","properties":{"lst":37.56678026000003}},{"type":"Feature","geometry":{"geodesic":false,"type":"Point","coordinates":[80.00732788600004,12.813344633859826]},"id":"183","properties":{"lst":36.731074370000016}},{"type":"Feature","geometry":{"geodesic":false,"type":"Point","coordinates":[80.00957367421033,12.813344633859826]},"id":"184","properties":{"lst":37.92909037999999}},{"type":"Feature","geometry":{"geodesic":false,"type":"Point","coordinates":[80.01181946242063,12.813344633859826]},"id":"185","properties":{"lst":38.402486150000016}},{"type":"Feature","geometry":{"geodesic":false,"type":"Point","coordinates":[80.01406525063094,12.813344633859826]},"id":"186","properties":{"lst":36.143174930000015}},{"type":"Feature","geometry":{"geodesic":false,"type":"Point","coordinates":[80.01631103884124,12.813344633859826]},"id":"187","properties":{"lst":37.192507070000005}},{"type":"Feature","geometry":{"geodesic":false,"type":"Point","coordinates":[80.01855682705153,12.813344633859826]},"id":"188","properties":{"lst":37.09851151999999}},{"type":"Feature","geometry":{"geodesic":false,"type":"Point","coordinates":[80.02080261526183,12.813344633859826]},"id":"189","properties":{"lst":36.488394950000014}},{"type":"Feature","geometry":{"geodesic":false,"type":"Point","coordinates":[80.02304840347213,12.813344633859826]},"id":"190","properties":{"lst":35.51938628000005}},{"type":"Feature","geometry":{"geodesic":false,"type":"Point","coordinates":[80.02529419168242,12.813344633859826]},"id":"191","properties":{"lst":37.73084521999999}},{"type":"Feature","geometry":{"geodesic":false,"type":"Point","coordinates":[80.02753997989272,12.813344633859826]},"id":"192","properties":{"lst":36.20640830000002}},{"type":"Feature","geometry":{"geodesic":false,"type":"Point","coordinates":[80.02978576810303,12.813344633859826]},"id":"193","properties":{"lst":36.929319530000015}},{"type":"Feature","geometry":{"geodesic":false,"type":"Point","coordinates":[80.03203155631333,12.813344633859826]},"id":"194","properties":{"lst":36.84216002000005}},{"type":"Feature","geometry":{"geodesic":false,"type":"Point","coordinates":[80.03427734452362,12.813344633859826]},"id":"195","properties":{"lst":37.187380039999994}},{"type":"Feature","geometry":{"geodesic":false,"type":"Point","coordinates":[80.03652313273392,12.813344633859826]},"id":"196","properties":{"lst":37.06091330000004}},{"type":"Feature","geometry":{"geodesic":false,"type":"Point","coordinates":[80.03876892094422,12.813344633859826]},"id":"197","properties":{"lst":36.315784940000015}},{"type":"Feature","geometry":{"geodesic":false,"type":"Point","coordinates":[80.04101470915452,12.813344633859826]},"id":"198","properties":{"lst":35.19467438000004}},{"type":"Feature","geometry":{"geodesic":false,"type":"Point","coordinates":[80.04326049736481,12.813344633859826]},"id":"199","properties":{"lst":32.761044140000024}},{"type":"Feature","geometry":{"geodesic":false,"type":"Point","coordinates":[80.04550628557512,12.813344633859826]},"id":"200","properties":{"lst":32.860166720000024}},{"type":"Feature","geometry":{"geodesic":false,"type":"Point","coordinates":[80.04775207378542,12.813344633859826]},"id":"201","properties":{"lst":35.430517760000015}},{"type":"Feature","geometry":{"geodesic":false,"type":"Point","coordinates":[80.04999786199572,12.813344633859826]},"id":"202","properties":{"lst":35.32455914000002}},{"type":"Feature","geometry":{"geodesic":false,"type":"Point","coordinates":[80.05224365020601,12.813344633859826]},"id":"203","properties":{"lst":35.97569195000003}},{"type":"Feature","geometry":{"geodesic":false,"type":"Point","coordinates":[80.05448943841631,12.813344633859826]},"id":"204","properties":{"lst":37.52918204000002}},{"type":"Feature","geometry":{"geodesic":false,"type":"Point","coordinates":[80.05673522662661,12.813344633859826]},"id":"205","properties":{"lst":35.78257382000001}},{"type":"Feature","geometry":{"geodesic":false,"type":"Point","coordinates":[80.0589810148369,12.813344633859826]},"id":"206","properties":{"lst":34.32137027000002}},{"type":"Feature","geometry":{"geodesic":false,"type":"Point","coordinates":[80.0612268030472,12.813344633859826]},"id":"207","properties":{"lst":34.17610442}},{"type":"Feature","geometry":{"geodesic":false,"type":"Point","coordinates":[80.06347259125751,12.813344633859826]},"id":"208","properties":{"lst":35.85777026000005}},{"type":"Feature","geometry":{"geodesic":false,"type":"Point","coordinates":[80.06571837946781,12.813344633859826]},"id":"209","properties":{"lst":33.504463490000006}},{"type":"Feature","geometry":{"geodesic":false,"type":"Point","coordinates":[80.0679641676781,12.813344633859826]},"id":"210","properties":{"lst":32.86700276000002}},{"type":"Feature","geometry":{"geodesic":false,"type":"Point","coordinates":[80.0702099558884,12.813344633859826]},"id":"211","properties":{"lst":33.906080840000016}},{"type":"Feature","geometry":{"geodesic":false,"type":"Point","coordinates":[80.0724557440987,12.813344633859826]},"id":"212","properties":{"lst":34.23079274000003}},{"type":"Feature","geometry":{"geodesic":false,"type":"Point","coordinates":[80.074701532309,12.813344633859826]},"id":"213","properties":{"lst":35.30746904}},{"type":"Feature","geometry":{"geodesic":false,"type":"Point","coordinates":[80.0769473205193,12.813344633859826]},"id":"214","properties":{"lst":39.43985522000003}},{"type":"Feature","geometry":{"geodesic":false,"type":"Point","coordinates":[80.0791931087296,12.813344633859826]},"id":"215","properties":{"lst":38.790431420000004}},{"type":"Feature","geometry":{"geodesic":false,"type":"Point","coordinates":[80.00059052136913,12.815590422070125]},"id":"216","properties":{"lst":39.12197936000001}},{"type":"Feature","geometry":{"geodesic":false,"type":"Point","coordinates":[80.00283630957944,12.815590422070125]},"id":"217","properties":{"lst":32.42949620000002}},{"type":"Feature","geometry":{"geodesic":false,"type":"Point","coordinates":[80.00508209778974,12.815590422070125]},"id":"218","properties":{"lst":38.71181696000002}},{"type":"Feature","geometry":{"geodesic":false,"type":"Point","coordinates":[80.00732788600004,12.815590422070125]},"id":"219","properties":{"lst":38.600731310000015}},{"type":"Feature","geometry":{"geodesic":false,"type":"Point","coordinates":[80.00957367421033,12.815590422070125]},"id":"220","properties":{"lst":37.14294578000002}},{"type":"Feature","geometry":{"geodesic":false,"type":"Point","coordinates":[80.01181946242063,12.815590422070125]},"id":"221","properties":{"lst":37.94618048000001}},{"type":"Feature","geometry":{"geodesic":false,"type":"Point","coordinates":[80.01406525063094,12.815590422070125]},"id":"222","properties":{"lst":36.15513800000002}},{"type":"Feature","geometry":{"geodesic":false,"type":"Point","coordinates":[80.01631103884124,12.815590422070125]},"id":"223","properties":{"lst":37.81116868999999}},{"type":"Feature","geometry":{"geodesic":false,"type":"Point","coordinates":[80.01855682705153,12.815590422070125]},"id":"224","properties":{"lst":37.071167360000004}},{"type":"Feature","geometry":{"geodesic":false,"type":"Point","coordinates":[80.02080261526183,12.815590422070125]},"id":"225","properties":{"lst":37.94959849999998}},{"type":"Feature","geometry":{"geodesic":false,"type":"Point","coordinates":[80.02304840347213,12.815590422070125]},"id":"226","properties":{"lst":38.33925278000001}},{"type":"Feature","geometry":{"geodesic":false,"type":"Point","coordinates":[80.02529419168242,12.815590422070125]},"id":"227","properties":{"lst":38.52553487}},{"type":"Feature","geometry":{"geodesic":false,"type":"Point","coordinates":[80.02753997989272,12.815590422070125]},"id":"228","properties":{"lst":38.363178919999996}},{"type":"Feature","geometry":{"geodesic":false,"type":"Point","coordinates":[80.02978576810303,12.815590422070125]},"id":"229","properties":{"lst":36.683222090000015}},{"type":"Feature","geometry":{"geodesic":false,"type":"Point","coordinates":[80.03203155631333,12.815590422070125]},"id":"230","properties":{"lst":37.30871975000002}},{"type":"Feature","geometry":{"geodesic":false,"type":"Point","coordinates":[80.03427734452362,12.815590422070125]},"id":"231","properties":{"lst":37.22839628}},{"type":"Feature","geometry":{"geodesic":false,"type":"Point","coordinates":[80.03652313273392,12.815590422070125]},"id":"232","properties":{"lst":36.643914860000024}},{"type":"Feature","geometry":{"geodesic":false,"type":"Point","coordinates":[80.03876892094422,12.815590422070125]},"id":"233","properties":{"lst":38.08802831}},{"type":"Feature","geometry":{"geodesic":false,"type":"Point","coordinates":[80.04101470915452,12.815590422070125]},"id":"234","properties":{"lst":35.088715760000014}},{"type":"Feature","geometry":{"geodesic":false,"type":"Point","coordinates":[80.04326049736481,12.815590422070125]},"id":"235","properties":{"lst":30.303487760000053}},{"type":"Feature","geometry":{"geodesic":false,"type":"Point","coordinates":[80.04550628557512,12.815590422070125]},"id":"236","properties":{"lst":31.37332802000003}},{"type":"Feature","geometry":{"geodesic":false,"type":"Point","coordinates":[80.04775207378542,12.815590422070125]},"id":"237","properties":{"lst":33.03961277000002}},{"type":"Feature","geometry":{"geodesic":false,"type":"Point","coordinates":[80.04999786199572,12.815590422070125]},"id":"238","properties":{"lst":36.549919310000035}},{"type":"Feature","geometry":{"geodesic":false,"type":"Point","coordinates":[80.05224365020601,12.815590422070125]},"id":"239","properties":{"lst":36.87634022000003}},{"type":"Feature","geometry":{"geodesic":false,"type":"Point","coordinates":[80.05448943841631,12.815590422070125]},"id":"240","properties":{"lst":36.994261910000006}},{"type":"Feature","geometry":{"geodesic":false,"type":"Point","coordinates":[80.05673522662661,12.815590422070125]},"id":"241","properties":{"lst":36.33971108000003}},{"type":"Feature","geometry":{"geodesic":false,"type":"Point","coordinates":[80.0589810148369,12.815590422070125]},"id":"242","properties":{"lst":34.22737472000003}},{"type":"Feature","geometry":{"geodesic":false,"type":"Point","coordinates":[80.0612268030472,12.815590422070125]},"id":"243","properties":{"lst":33.0960101}},{"type":"Feature","geometry":{"geodesic":false,"type":"Point","coordinates":[80.06347259125751,12.815590422070125]},"id":"244","properties":{"lst":33.0447398}},{"type":"Feature","geometry":{"geodesic":false,"type":"Point","coordinates":[80.06571837946781,12.815590422070125]},"id":"245","properties":{"lst":33.184878620000006}},{"type":"Feature","geometry":{"geodesic":false,"type":"Point","coordinates":[80.0679641676781,12.815590422070125]},"id":"246","properties":{"lst":34.88021653999999}},{"type":"Feature","geometry":{"geodesic":false,"type":"Point","coordinates":[80.0702099558884,12.815590422070125]},"id":"247","properties":{"lst":36.28844078000003}},{"type":"Feature","geometry":{"geodesic":false,"type":"Point","coordinates":[80.0724557440987,12.815590422070125]},"id":"248","properties":{"lst":33.266911100000016}},{"type":"Feature","geometry":{"geodesic":false,"type":"Point","coordinates":[80.074701532309,12.815590422070125]},"id":"249","properties":{"lst":35.153658140000005}},{"type":"Feature","geometry":{"geodesic":false,"type":"Point","coordinates":[80.0769473205193,12.815590422070125]},"id":"250","properties":{"lst":39.14248748}},{"type":"Feature","geometry":{"geodesic":false,"type":"Point","coordinates":[80.0791931087296,12.815590422070125]},"id":"251","properties":{"lst":38.56142408000005}},{"type":"Feature","geometry":{"geodesic":false,"type":"Point","coordinates":[80.00059052136913,12.817836210280422]},"id":"252","properties":{"lst":36.194445230000014}},{"type":"Feature","geometry":{"geodesic":false,"type":"Point","coordinates":[80.00283630957944,12.817836210280422]},"id":"253","properties":{"lst":32.78838830000001}},{"type":"Feature","geometry":{"geodesic":false,"type":"Point","coordinates":[80.00508209778974,12.817836210280422]},"id":"254","properties":{"lst":37.40271530000001}},{"type":"Feature","geometry":{"geodesic":false,"type":"Point","coordinates":[80.00732788600004,12.817836210280422]},"id":"255","properties":{"lst":37.81629572000003}},{"type":"Feature","geometry":{"geodesic":false,"type":"Point","coordinates":[80.00957367421033,12.817836210280422]},"id":"256","properties":{"lst":36.830196950000015}},{"type":"Feature","geometry":{"geodesic":false,"type":"Point","coordinates":[80.01181946242063,12.817836210280422]},"id":"257","properties":{"lst":37.68299294000002}},{"type":"Feature","geometry":{"geodesic":false,"type":"Point","coordinates":[80.01406525063094,12.817836210280422]},"id":"258","properties":{"lst":38.07606523999999}},{"type":"Feature","geometry":{"geodesic":false,"type":"Point","coordinates":[80.01631103884124,12.817836210280422]},"id":"259","properties":{"lst":38.012831870000014}},{"type":"Feature","geometry":{"geodesic":false,"type":"Point","coordinates":[80.01855682705153,12.817836210280422]},"id":"260","properties":{"lst":36.295276820000026}},{"type":"Feature","geometry":{"geodesic":false,"type":"Point","coordinates":[80.02080261526183,12.817836210280422]},"id":"261","properties":{"lst":36.731074370000016}},{"type":"Feature","geometry":{"geodesic":false,"type":"Point","coordinates":[80.02304840347213,12.817836210280422]},"id":"262","properties":{"lst":38.43495733999998}},{"type":"Feature","geometry":{"geodesic":false,"type":"Point","coordinates":[80.02529419168242,12.817836210280422]},"id":"263","properties":{"lst":37.019897060000005}},{"type":"Feature","geometry":{"geodesic":false,"type":"Point","coordinates":[80.02753997989272,12.817836210280422]},"id":"264","properties":{"lst":38.27772842000002}},{"type":"Feature","geometry":{"geodesic":false,"type":"Point","coordinates":[80.02978576810303,12.817836210280422]},"id":"265","properties":{"lst":35.76035669000001}},{"type":"Feature","geometry":{"geodesic":false,"type":"Point","coordinates":[80.03203155631333,12.817836210280422]},"id":"266","properties":{"lst":36.15171998000005}},{"type":"Feature","geometry":{"geodesic":false,"type":"Point","coordinates":[80.03427734452362,12.817836210280422]},"id":"267","properties":{"lst":37.19079806000002}},{"type":"Feature","geometry":{"geodesic":false,"type":"Point","coordinates":[80.03652313273392,12.817836210280422]},"id":"268","properties":{"lst":36.402944450000035}},{"type":"Feature","geometry":{"geodesic":false,"type":"Point","coordinates":[80.03876892094422,12.817836210280422]},"id":"269","properties":{"lst":37.79236958000001}},{"type":"Feature","geometry":{"geodesic":false,"type":"Point","coordinates":[80.04101470915452,12.817836210280422]},"id":"270","properties":{"lst":35.39975558000003}},{"type":"Feature","geometry":{"geodesic":false,"type":"Point","coordinates":[80.04326049736481,12.817836210280422]},"id":"271","properties":{"lst":30.272725579999985}},{"type":"Feature","geometry":{"geodesic":false,"type":"Point","coordinates":[80.04550628557512,12.817836210280422]},"id":"272","properties":{"lst":31.205845040000014}},{"type":"Feature","geometry":{"geodesic":false,"type":"Point","coordinates":[80.04775207378542,12.817836210280422]},"id":"273","properties":{"lst":31.486122679999994}},{"type":"Feature","geometry":{"geodesic":false,"type":"Point","coordinates":[80.04999786199572,12.817836210280422]},"id":"274","properties":{"lst":34.53499652000005}},{"type":"Feature","geometry":{"geodesic":false,"type":"Point","coordinates":[80.05224365020601,12.817836210280422]},"id":"275","properties":{"lst":35.82188105000006}},{"type":"Feature","geometry":{"geodesic":false,"type":"Point","coordinates":[80.05448943841631,12.817836210280422]},"id":"276","properties":{"lst":35.874860360000014}},{"type":"Feature","geometry":{"geodesic":false,"type":"Point","coordinates":[80.05673522662661,12.817836210280422]},"id":"277","properties":{"lst":37.457403620000036}},{"type":"Feature","geometry":{"geodesic":false,"type":"Point","coordinates":[80.0589810148369,12.817836210280422]},"id":"278","properties":{"lst":35.33310419000003}},{"type":"Feature","geometry":{"geodesic":false,"type":"Point","coordinates":[80.0612268030472,12.817836210280422]},"id":"279","properties":{"lst":33.81379430000004}},{"type":"Feature","geometry":{"geodesic":false,"type":"Point","coordinates":[80.06347259125751,12.817836210280422]},"id":"280","properties":{"lst":34.14534224000005}},{"type":"Feature","geometry":{"geodesic":false,"type":"Point","coordinates":[80.06571837946781,12.817836210280422]},"id":"281","properties":{"lst":34.52986949000001}},{"type":"Feature","geometry":{"geodesic":false,"type":"Point","coordinates":[80.0679641676781,12.817836210280422]},"id":"282","properties":{"lst":36.96862676000001}},{"type":"Feature","geometry":{"geodesic":false,"type":"Point","coordinates":[80.0702099558884,12.817836210280422]},"id":"283","properties":{"lst":34.143633230000006}},{"type":"Feature","geometry":{"geodesic":false,"type":"Point","coordinates":[80.0724557440987,12.817836210280422]},"id":"284","properties":{"lst":34.88021654000002}},{"type":"Feature","geometry":{"geodesic":false,"type":"Point","coordinates":[80.074701532309,12.817836210280422]},"id":"285","properties":{"lst":37.81629572}},{"type":"Feature","geometry":{"geodesic":false,"type":"Point","coordinates":[80.0769473205193,12.817836210280422]},"id":"286","properties":{"lst":37.944471470000025}},{"type":"Feature","geometry":{"geodesic":false,"type":"Point","coordinates":[80.0791931087296,12.817836210280422]},"id":"287","properties":{"lst":36.71911130000001}},{"type":"Feature","geometry":{"geodesic":false,"type":"Point","coordinates":[80.00059052136913,12.820081998490721]},"id":"288","properties":{"lst":35.88169640000001}},{"type":"Feature","geometry":{"geodesic":false,"type":"Point","coordinates":[80.00283630957944,12.820081998490721]},"id":"289","properties":{"lst":33.39679586}},{"type":"Feature","geometry":{"geodesic":false,"type":"Point","coordinates":[80.00508209778974,12.820081998490721]},"id":"290","properties":{"lst":37.63855868000002}},{"type":"Feature","geometry":{"geodesic":false,"type":"Point","coordinates":[80.00732788600004,12.820081998490721]},"id":"291","properties":{"lst":38.496481700000004}},{"type":"Feature","geometry":{"geodesic":false,"type":"Point","coordinates":[80.00957367421033,12.820081998490721]},"id":"292","properties":{"lst":36.117539780000016}},{"type":"Feature","geometry":{"geodesic":false,"type":"Point","coordinates":[80.01181946242063,12.820081998490721]},"id":"293","properties":{"lst":37.240359350000034}},{"type":"Feature","geometry":{"geodesic":false,"type":"Point","coordinates":[80.01406525063094,12.820081998490721]},"id":"294","properties":{"lst":37.840221860000014}},{"type":"Feature","geometry":{"geodesic":false,"type":"Point","coordinates":[80.01631103884124,12.820081998490721]},"id":"295","properties":{"lst":39.41592908000001}},{"type":"Feature","geometry":{"geodesic":false,"type":"Point","coordinates":[80.01855682705153,12.820081998490721]},"id":"296","properties":{"lst":38.09486435000002}},{"type":"Feature","geometry":{"geodesic":false,"type":"Point","coordinates":[80.02080261526183,12.820081998490721]},"id":"297","properties":{"lst":38.583641210000025}},{"type":"Feature","geometry":{"geodesic":false,"type":"Point","coordinates":[80.02304840347213,12.820081998490721]},"id":"298","properties":{"lst":39.71329682000001}},{"type":"Feature","geometry":{"geodesic":false,"type":"Point","coordinates":[80.02529419168242,12.820081998490721]},"id":"299","properties":{"lst":38.71181696000002}},{"type":"Feature","geometry":{"geodesic":false,"type":"Point","coordinates":[80.02753997989272,12.820081998490721]},"id":"300","properties":{"lst":38.25380228000006}},{"type":"Feature","geometry":{"geodesic":false,"type":"Point","coordinates":[80.02978576810303,12.820081998490721]},"id":"301","properties":{"lst":37.95643454000003}},{"type":"Feature","geometry":{"geodesic":false,"type":"Point","coordinates":[80.03203155631333,12.820081998490721]},"id":"302","properties":{"lst":36.864377150000024}},{"type":"Feature","geometry":{"geodesic":false,"type":"Point","coordinates":[80.03427734452362,12.820081998490721]},"id":"303","properties":{"lst":37.25915845999998}},{"type":"Feature","geometry":{"geodesic":false,"type":"Point","coordinates":[80.03652313273392,12.820081998490721]},"id":"304","properties":{"lst":37.75648037000002}},{"type":"Feature","geometry":{"geodesic":false,"type":"Point","coordinates":[80.03876892094422,12.820081998490721]},"id":"305","properties":{"lst":36.88317626000003}},{"type":"Feature","geometry":{"geodesic":false,"type":"Point","coordinates":[80.04101470915452,12.820081998490721]},"id":"306","properties":{"lst":36.92077447999998}},{"type":"Feature","geometry":{"geodesic":false,"type":"Point","coordinates":[80.04326049736481,12.820081998490721]},"id":"307","properties":{"lst":35.35703033000004}},{"type":"Feature","geometry":{"geodesic":false,"type":"Point","coordinates":[80.04550628557512,12.820081998490721]},"id":"308","properties":{"lst":34.72640564000005}},{"type":"Feature","geometry":{"geodesic":false,"type":"Point","coordinates":[80.04775207378542,12.820081998490721]},"id":"309","properties":{"lst":35.21176448000003}},{"type":"Feature","geometry":{"geodesic":false,"type":"Point","coordinates":[80.04999786199572,12.820081998490721]},"id":"310","properties":{"lst":34.10261699000003}},{"type":"Feature","geometry":{"geodesic":false,"type":"Point","coordinates":[80.05224365020601,12.820081998490721]},"id":"311","properties":{"lst":35.14682210000001}},{"type":"Feature","geometry":{"geodesic":false,"type":"Point","coordinates":[80.05448943841631,12.820081998490721]},"id":"312","properties":{"lst":37.60096046000001}},{"type":"Feature","geometry":{"geodesic":false,"type":"Point","coordinates":[80.05673522662661,12.820081998490721]},"id":"313","properties":{"lst":39.29629838000005}},{"type":"Feature","geometry":{"geodesic":false,"type":"Point","coordinates":[80.0589810148369,12.820081998490721]},"id":"314","properties":{"lst":35.71763143999999}},{"type":"Feature","geometry":{"geodesic":false,"type":"Point","coordinates":[80.0612268030472,12.820081998490721]},"id":"315","properties":{"lst":33.745433899999995}},{"type":"Feature","geometry":{"geodesic":false,"type":"Point","coordinates":[80.06347259125751,12.820081998490721]},"id":"316","properties":{"lst":34.37776760000003}},{"type":"Feature","geometry":{"geodesic":false,"type":"Point","coordinates":[80.06571837946781,12.820081998490721]},"id":"317","properties":{"lst":34.28035403000001}},{"type":"Feature","geometry":{"geodesic":false,"type":"Point","coordinates":[80.0679641676781,12.820081998490721]},"id":"318","properties":{"lst":36.16197404000002}},{"type":"Feature","geometry":{"geodesic":false,"type":"Point","coordinates":[80.0702099558884,12.820081998490721]},"id":"319","properties":{"lst":36.41490752000004}},{"type":"Feature","geometry":{"geodesic":false,"type":"Point","coordinates":[80.0724557440987,12.820081998490721]},"id":"320","properties":{"lst":35.676615200000015}},{"type":"Feature","geometry":{"geodesic":false,"type":"Point","coordinates":[80.074701532309,12.820081998490721]},"id":"321","properties":{"lst":37.15661786000004}},{"type":"Feature","geometry":{"geodesic":false,"type":"Point","coordinates":[80.0769473205193,12.820081998490721]},"id":"322","properties":{"lst":36.414907520000014}},{"type":"Feature","geometry":{"geodesic":false,"type":"Point","coordinates":[80.0791931087296,12.820081998490721]},"id":"323","properties":{"lst":35.52280430000002}},{"type":"Feature","geometry":{"geodesic":false,"type":"Point","coordinates":[80.00059052136913,12.82232778670102]},"id":"324","properties":{"lst":36.46617782000001}},{"type":"Feature","geometry":{"geodesic":false,"type":"Point","coordinates":[80.00283630957944,12.82232778670102]},"id":"325","properties":{"lst":39.13565144000006}},{"type":"Feature","geometry":{"geodesic":false,"type":"Point","coordinates":[80.00508209778974,12.82232778670102]},"id":"326","properties":{"lst":37.383916190000036}},{"type":"Feature","geometry":{"geodesic":false,"type":"Point","coordinates":[80.00732788600004,12.82232778670102]},"id":"327","properties":{"lst":36.609734660000015}},{"type":"Feature","geometry":{"geodesic":false,"type":"Point","coordinates":[80.00957367421033,12.82232778670102]},"id":"328","properties":{"lst":34.57430375000001}},{"type":"Feature","geometry":{"geodesic":false,"type":"Point","coordinates":[80.01181946242063,12.82232778670102]},"id":"329","properties":{"lst":37.14294577999999}},{"type":"Feature","geometry":{"geodesic":false,"type":"Point","coordinates":[80.01406525063094,12.82232778670102]},"id":"330","properties":{"lst":37.69324700000004}},{"type":"Feature","geometry":{"geodesic":false,"type":"Point","coordinates":[80.01631103884124,12.82232778670102]},"id":"331","properties":{"lst":39.03994688}},{"type":"Feature","geometry":{"geodesic":false,"type":"Point","coordinates":[80.01855682705153,12.82232778670102]},"id":"332","properties":{"lst":38.32216268000002}},{"type":"Feature","geometry":{"geodesic":false,"type":"Point","coordinates":[80.02080261526183,12.82232778670102]},"id":"333","properties":{"lst":38.14442564000001}},{"type":"Feature","geometry":{"geodesic":false,"type":"Point","coordinates":[80.02304840347213,12.82232778670102]},"id":"334","properties":{"lst":39.64835444000005}},{"type":"Feature","geometry":{"geodesic":false,"type":"Point","coordinates":[80.02529419168242,12.82232778670102]},"id":"335","properties":{"lst":38.332416739999985}},{"type":"Feature","geometry":{"geodesic":false,"type":"Point","coordinates":[80.02753997989272,12.82232778670102]},"id":"336","properties":{"lst":37.698374030000025}},{"type":"Feature","geometry":{"geodesic":false,"type":"Point","coordinates":[80.02978576810303,12.82232778670102]},"id":"337","properties":{"lst":37.14294577999999}},{"type":"Feature","geometry":{"geodesic":false,"type":"Point","coordinates":[80.03203155631333,12.82232778670102]},"id":"338","properties":{"lst":37.551399169999996}},{"type":"Feature","geometry":{"geodesic":false,"type":"Point","coordinates":[80.03427734452362,12.82232778670102]},"id":"339","properties":{"lst":37.54456313000003}},{"type":"Feature","geometry":{"geodesic":false,"type":"Point","coordinates":[80.03652313273392,12.82232778670102]},"id":"340","properties":{"lst":36.38414534000003}},{"type":"Feature","geometry":{"geodesic":false,"type":"Point","coordinates":[80.03876892094422,12.82232778670102]},"id":"341","properties":{"lst":34.37434958000006}},{"type":"Feature","geometry":{"geodesic":false,"type":"Point","coordinates":[80.04101470915452,12.82232778670102]},"id":"342","properties":{"lst":34.43074691000004}},{"type":"Feature","geometry":{"geodesic":false,"type":"Point","coordinates":[80.04326049736481,12.82232778670102]},"id":"343","properties":{"lst":35.51425925000001}},{"type":"Feature","geometry":{"geodesic":false,"type":"Point","coordinates":[80.04550628557512,12.82232778670102]},"id":"344","properties":{"lst":35.24252666000001}},{"type":"Feature","geometry":{"geodesic":false,"type":"Point","coordinates":[80.04775207378542,12.82232778670102]},"id":"345","properties":{"lst":37.14636380000002}},{"type":"Feature","geometry":{"geodesic":false,"type":"Point","coordinates":[80.04999786199572,12.82232778670102]},"id":"346","properties":{"lst":33.71125370000004}},{"type":"Feature","geometry":{"geodesic":false,"type":"Point","coordinates":[80.05224365020601,12.82232778670102]},"id":"347","properties":{"lst":33.45148418000002}},{"type":"Feature","geometry":{"geodesic":false,"type":"Point","coordinates":[80.05448943841631,12.82232778670102]},"id":"348","properties":{"lst":35.474952020000046}},{"type":"Feature","geometry":{"geodesic":false,"type":"Point","coordinates":[80.05673522662661,12.82232778670102]},"id":"349","properties":{"lst":37.06091330000004}},{"type":"Feature","geometry":{"geodesic":false,"type":"Point","coordinates":[80.0589810148369,12.82232778670102]},"id":"350","properties":{"lst":37.922254339999995}},{"type":"Feature","geometry":{"geodesic":false,"type":"Point","coordinates":[80.0612268030472,12.82232778670102]},"id":"351","properties":{"lst":35.50229618000003}},{"type":"Feature","geometry":{"geodesic":false,"type":"Point","coordinates":[80.06347259125751,12.82232778670102]},"id":"352","properties":{"lst":35.73130352000001}},{"type":"Feature","geometry":{"geodesic":false,"type":"Point","coordinates":[80.06571837946781,12.82232778670102]},"id":"353","properties":{"lst":34.81185614000003}},{"type":"Feature","geometry":{"geodesic":false,"type":"Point","coordinates":[80.0679641676781,12.82232778670102]},"id":"354","properties":{"lst":35.41000964}},{"type":"Feature","geometry":{"geodesic":false,"type":"Point","coordinates":[80.0702099558884,12.82232778670102]},"id":"355","properties":{"lst":37.02160607000002}},{"type":"Feature","geometry":{"geodesic":false,"type":"Point","coordinates":[80.0724557440987,12.82232778670102]},"id":"356","properties":{"lst":37.43518649000001}},{"type":"Feature","geometry":{"geodesic":false,"type":"Point","coordinates":[80.074701532309,12.82232778670102]},"id":"357","properties":{"lst":36.428579600000035}},{"type":"Feature","geometry":{"geodesic":false,"type":"Point","coordinates":[80.0769473205193,12.82232778670102]},"id":"358","properties":{"lst":37.90516424000003}},{"type":"Feature","geometry":{"geodesic":false,"type":"Point","coordinates":[80.0791931087296,12.82232778670102]},"id":"359","properties":{"lst":36.319202959999984}},{"type":"Feature","geometry":{"geodesic":false,"type":"Point","coordinates":[80.00059052136913,12.82457357491132]},"id":"360","properties":{"lst":36.70885724000004}},{"type":"Feature","geometry":{"geodesic":false,"type":"Point","coordinates":[80.00283630957944,12.82457357491132]},"id":"361","properties":{"lst":39.81241940000001}},{"type":"Feature","geometry":{"geodesic":false,"type":"Point","coordinates":[80.00508209778974,12.82457357491132]},"id":"362","properties":{"lst":37.92909037999999}},{"type":"Feature","geometry":{"geodesic":false,"type":"Point","coordinates":[80.00732788600004,12.82457357491132]},"id":"363","properties":{"lst":37.09509350000002}},{"type":"Feature","geometry":{"geodesic":false,"type":"Point","coordinates":[80.00957367421033,12.82457357491132]},"id":"364","properties":{"lst":34.80160208000001}},{"type":"Feature","geometry":{"geodesic":false,"type":"Point","coordinates":[80.01181946242063,12.82457357491132]},"id":"365","properties":{"lst":35.102387840000006}},{"type":"Feature","geometry":{"geodesic":false,"type":"Point","coordinates":[80.01406525063094,12.82457357491132]},"id":"366","properties":{"lst":36.900266360000046}},{"type":"Feature","geometry":{"geodesic":false,"type":"Point","coordinates":[80.01631103884124,12.82457357491132]},"id":"367","properties":{"lst":36.76354556000001}},{"type":"Feature","geometry":{"geodesic":false,"type":"Point","coordinates":[80.01855682705153,12.82457357491132]},"id":"368","properties":{"lst":37.85047592000001}},{"type":"Feature","geometry":{"geodesic":false,"type":"Point","coordinates":[80.02080261526183,12.82457357491132]},"id":"369","properties":{"lst":38.558006060000025}},{"type":"Feature","geometry":{"geodesic":false,"type":"Point","coordinates":[80.02304840347213,12.82457357491132]},"id":"370","properties":{"lst":38.44692041000002}},{"type":"Feature","geometry":{"geodesic":false,"type":"Point","coordinates":[80.02529419168242,12.82457357491132]},"id":"371","properties":{"lst":36.661004960000014}},{"type":"Feature","geometry":{"geodesic":false,"type":"Point","coordinates":[80.02753997989272,12.82457357491132]},"id":"372","properties":{"lst":34.94857694000004}},{"type":"Feature","geometry":{"geodesic":false,"type":"Point","coordinates":[80.02978576810303,12.82457357491132]},"id":"373","properties":{"lst":36.55504634000005}},{"type":"Feature","geometry":{"geodesic":false,"type":"Point","coordinates":[80.03203155631333,12.82457357491132]},"id":"374","properties":{"lst":37.15319984000001}},{"type":"Feature","geometry":{"geodesic":false,"type":"Point","coordinates":[80.03427734452362,12.82457357491132]},"id":"375","properties":{"lst":36.06626948000002}},{"type":"Feature","geometry":{"geodesic":false,"type":"Point","coordinates":[80.03652313273392,12.82457357491132]},"id":"376","properties":{"lst":34.73665970000002}},{"type":"Feature","geometry":{"geodesic":false,"type":"Point","coordinates":[80.03876892094422,12.82457357491132]},"id":"377","properties":{"lst":35.54331242000001}},{"type":"Feature","geometry":{"geodesic":false,"type":"Point","coordinates":[80.04101470915452,12.82457357491132]},"id":"378","properties":{"lst":36.091904630000016}},{"type":"Feature","geometry":{"geodesic":false,"type":"Point","coordinates":[80.04326049736481,12.82457357491132]},"id":"379","properties":{"lst":35.82700808000004}},{"type":"Feature","geometry":{"geodesic":false,"type":"Point","coordinates":[80.04550628557512,12.82457357491132]},"id":"380","properties":{"lst":36.691767140000024}},{"type":"Feature","geometry":{"geodesic":false,"type":"Point","coordinates":[80.04775207378542,12.82457357491132]},"id":"381","properties":{"lst":36.765254569999996}},{"type":"Feature","geometry":{"geodesic":false,"type":"Point","coordinates":[80.04999786199572,12.82457357491132]},"id":"382","properties":{"lst":35.60141876}},{"type":"Feature","geometry":{"geodesic":false,"type":"Point","coordinates":[80.05224365020601,12.82457357491132]},"id":"383","properties":{"lst":32.942199200000005}},{"type":"Feature","geometry":{"geodesic":false,"type":"Point","coordinates":[80.05448943841631,12.82457357491132]},"id":"384","properties":{"lst":33.335271499999976}},{"type":"Feature","geometry":{"geodesic":false,"type":"Point","coordinates":[80.05673522662661,12.82457357491132]},"id":"385","properties":{"lst":35.80479095000001}},{"type":"Feature","geometry":{"geodesic":false,"type":"Point","coordinates":[80.0589810148369,12.82457357491132]},"id":"386","properties":{"lst":37.26599450000003}},{"type":"Feature","geometry":{"geodesic":false,"type":"Point","coordinates":[80.0612268030472,12.82457357491132]},"id":"387","properties":{"lst":36.233752460000005}},{"type":"Feature","geometry":{"geodesic":false,"type":"Point","coordinates":[80.06347259125751,12.82457357491132]},"id":"388","properties":{"lst":35.13998606000001}},{"type":"Feature","geometry":{"geodesic":false,"type":"Point","coordinates":[80.06571837946781,12.82457357491132]},"id":"389","properties":{"lst":34.62386504000003}},{"type":"Feature","geometry":{"geodesic":false,"type":"Point","coordinates":[80.0679641676781,12.82457357491132]},"id":"390","properties":{"lst":37.14807281000003}},{"type":"Feature","geometry":{"geodesic":false,"type":"Point","coordinates":[80.0702099558884,12.82457357491132]},"id":"391","properties":{"lst":35.676615200000015}},{"type":"Feature","geometry":{"geodesic":false,"type":"Point","coordinates":[80.0724557440987,12.82457357491132]},"id":"392","properties":{"lst":38.13075356000002}},{"type":"Feature","geometry":{"geodesic":false,"type":"Point","coordinates":[80.074701532309,12.82457357491132]},"id":"393","properties":{"lst":36.878049230000016}},{"type":"Feature","geometry":{"geodesic":false,"type":"Point","coordinates":[80.0769473205193,12.82457357491132]},"id":"394","properties":{"lst":36.41832554000001}},{"type":"Feature","geometry":{"geodesic":false,"type":"Point","coordinates":[80.0791931087296,12.82457357491132]},"id":"395","properties":{"lst":33.51642656000001}},{"type":"Feature","geometry":{"geodesic":false,"type":"Point","coordinates":[80.00059052136913,12.826819363121619]},"id":"396","properties":{"lst":37.30701074000001}},{"type":"Feature","geometry":{"geodesic":false,"type":"Point","coordinates":[80.00283630957944,12.826819363121619]},"id":"397","properties":{"lst":40.23283586000002}},{"type":"Feature","geometry":{"geodesic":false,"type":"Point","coordinates":[80.00508209778974,12.826819363121619]},"id":"398","properties":{"lst":36.643914859999995}},{"type":"Feature","geometry":{"geodesic":false,"type":"Point","coordinates":[80.00732788600004,12.826819363121619]},"id":"399","properties":{"lst":37.52918204000002}},{"type":"Feature","geometry":{"geodesic":false,"type":"Point","coordinates":[80.00957367421033,12.826819363121619]},"id":"400","properties":{"lst":35.58432865999998}},{"type":"Feature","geometry":{"geodesic":false,"type":"Point","coordinates":[80.01181946242063,12.826819363121619]},"id":"401","properties":{"lst":36.59264456000005}},{"type":"Feature","geometry":{"geodesic":false,"type":"Point","coordinates":[80.01406525063094,12.826819363121619]},"id":"402","properties":{"lst":35.39804657000002}},{"type":"Feature","geometry":{"geodesic":false,"type":"Point","coordinates":[80.01631103884124,12.826819363121619]},"id":"403","properties":{"lst":35.08187972000002}},{"type":"Feature","geometry":{"geodesic":false,"type":"Point","coordinates":[80.01855682705153,12.826819363121619]},"id":"404","properties":{"lst":37.966688600000026}},{"type":"Feature","geometry":{"geodesic":false,"type":"Point","coordinates":[80.02080261526183,12.826819363121619]},"id":"405","properties":{"lst":40.02091862000003}},{"type":"Feature","geometry":{"geodesic":false,"type":"Point","coordinates":[80.02304840347213,12.826819363121619]},"id":"406","properties":{"lst":38.363178919999996}},{"type":"Feature","geometry":{"geodesic":false,"type":"Point","coordinates":[80.02529419168242,12.826819363121619]},"id":"407","properties":{"lst":35.8987865}},{"type":"Feature","geometry":{"geodesic":false,"type":"Point","coordinates":[80.02753997989272,12.826819363121619]},"id":"408","properties":{"lst":32.37480788000005}},{"type":"Feature","geometry":{"geodesic":false,"type":"Point","coordinates":[80.02978576810303,12.826819363121619]},"id":"409","properties":{"lst":34.32307928}},{"type":"Feature","geometry":{"geodesic":false,"type":"Point","coordinates":[80.03203155631333,12.826819363121619]},"id":"410","properties":{"lst":36.31749395}},{"type":"Feature","geometry":{"geodesic":false,"type":"Point","coordinates":[80.03427734452362,12.826819363121619]},"id":"411","properties":{"lst":35.43051776000004}},{"type":"Feature","geometry":{"geodesic":false,"type":"Point","coordinates":[80.03652313273392,12.826819363121619]},"id":"412","properties":{"lst":33.68049152000003}},{"type":"Feature","geometry":{"geodesic":false,"type":"Point","coordinates":[80.03876892094422,12.826819363121619]},"id":"413","properties":{"lst":36.58580852000003}},{"type":"Feature","geometry":{"geodesic":false,"type":"Point","coordinates":[80.04101470915452,12.826819363121619]},"id":"414","properties":{"lst":37.95814355000002}},{"type":"Feature","geometry":{"geodesic":false,"type":"Point","coordinates":[80.04326049736481,12.826819363121619]},"id":"415","properties":{"lst":36.490103960000056}},{"type":"Feature","geometry":{"geodesic":false,"type":"Point","coordinates":[80.04550628557512,12.826819363121619]},"id":"416","properties":{"lst":37.45398560000001}},{"type":"Feature","geometry":{"geodesic":false,"type":"Point","coordinates":[80.04775207378542,12.826819363121619]},"id":"417","properties":{"lst":37.98036067999999}},{"type":"Feature","geometry":{"geodesic":false,"type":"Point","coordinates":[80.04999786199572,12.826819363121619]},"id":"418","properties":{"lst":36.94811864000002}},{"type":"Feature","geometry":{"geodesic":false,"type":"Point","coordinates":[80.05224365020601,12.826819363121619]},"id":"419","properties":{"lst":36.10728572000002}},{"type":"Feature","geometry":{"geodesic":false,"type":"Point","coordinates":[80.05448943841631,12.826819363121619]},"id":"420","properties":{"lst":34.94857694000001}},{"type":"Feature","geometry":{"geodesic":false,"type":"Point","coordinates":[80.05673522662661,12.826819363121619]},"id":"421","properties":{"lst":37.17199895000002}},{"type":"Feature","geometry":{"geodesic":false,"type":"Point","coordinates":[80.0589810148369,12.826819363121619]},"id":"422","properties":{"lst":37.82654978000005}},{"type":"Feature","geometry":{"geodesic":false,"type":"Point","coordinates":[80.0612268030472,12.826819363121619]},"id":"423","properties":{"lst":35.88169640000001}},{"type":"Feature","geometry":{"geodesic":false,"type":"Point","coordinates":[80.06347259125751,12.826819363121619]},"id":"424","properties":{"lst":34.19661254000005}},{"type":"Feature","geometry":{"geodesic":false,"type":"Point","coordinates":[80.06571837946781,12.826819363121619]},"id":"425","properties":{"lst":34.23591977000001}},{"type":"Feature","geometry":{"geodesic":false,"type":"Point","coordinates":[80.0679641676781,12.826819363121619]},"id":"426","properties":{"lst":35.65610708}},{"type":"Feature","geometry":{"geodesic":false,"type":"Point","coordinates":[80.0702099558884,12.826819363121619]},"id":"427","properties":{"lst":37.60096046000004}},{"type":"Feature","geometry":{"geodesic":false,"type":"Point","coordinates":[80.0724557440987,12.826819363121619]},"id":"428","properties":{"lst":37.15661786000004}},{"type":"Feature","geometry":{"geodesic":false,"type":"Point","coordinates":[80.074701532309,12.826819363121619]},"id":"429","properties":{"lst":35.69370530000003}},{"type":"Feature","geometry":{"geodesic":false,"type":"Point","coordinates":[80.0769473205193,12.826819363121619]},"id":"430","properties":{"lst":33.99836738000002}},{"type":"Feature","geometry":{"geodesic":false,"type":"Point","coordinates":[80.0791931087296,12.826819363121619]},"id":"431","properties":{"lst":33.28571021000002}},{"type":"Feature","geometry":{"geodesic":false,"type":"Point","coordinates":[80.00059052136913,12.829065151331918]},"id":"432","properties":{"lst":34.43416493000001}},{"type":"Feature","geometry":{"geodesic":false,"type":"Point","coordinates":[80.00283630957944,12.829065151331918]},"id":"433","properties":{"lst":37.525764020000025}},{"type":"Feature","geometry":{"geodesic":false,"type":"Point","coordinates":[80.00508209778974,12.829065151331918]},"id":"434","properties":{"lst":35.97740096000004}},{"type":"Feature","geometry":{"geodesic":false,"type":"Point","coordinates":[80.00732788600004,12.829065151331918]},"id":"435","properties":{"lst":37.25574044000001}},{"type":"Feature","geometry":{"geodesic":false,"type":"Point","coordinates":[80.00957367421033,12.829065151331918]},"id":"436","properties":{"lst":37.60096046000001}},{"type":"Feature","geometry":{"geodesic":false,"type":"Point","coordinates":[80.01181946242063,12.829065151331918]},"id":"437","properties":{"lst":36.45934178000002}},{"type":"Feature","geometry":{"geodesic":false,"type":"Point","coordinates":[80.01406525063094,12.829065151331918]},"id":"438","properties":{"lst":36.544792280000024}},{"type":"Feature","geometry":{"geodesic":false,"type":"Point","coordinates":[80.01631103884124,12.829065151331918]},"id":"439","properties":{"lst":37.92909038000005}},{"type":"Feature","geometry":{"geodesic":false,"type":"Point","coordinates":[80.01855682705153,12.829065151331918]},"id":"440","properties":{"lst":38.60585834}},{"type":"Feature","geometry":{"geodesic":false,"type":"Point","coordinates":[80.02080261526183,12.829065151331918]},"id":"441","properties":{"lst":40.19181962000005}},{"type":"Feature","geometry":{"geodesic":false,"type":"Point","coordinates":[80.02304840347213,12.829065151331918]},"id":"442","properties":{"lst":39.56290394000001}},{"type":"Feature","geometry":{"geodesic":false,"type":"Point","coordinates":[80.02529419168242,12.829065151331918]},"id":"443","properties":{"lst":35.128022990000005}},{"type":"Feature","geometry":{"geodesic":false,"type":"Point","coordinates":[80.02753997989272,12.829065151331918]},"id":"444","properties":{"lst":31.94755538000004}},{"type":"Feature","geometry":{"geodesic":false,"type":"Point","coordinates":[80.02978576810303,12.829065151331918]},"id":"445","properties":{"lst":32.972961380000015}},{"type":"Feature","geometry":{"geodesic":false,"type":"Point","coordinates":[80.03203155631333,12.829065151331918]},"id":"446","properties":{"lst":36.71227526000001}},{"type":"Feature","geometry":{"geodesic":false,"type":"Point","coordinates":[80.03427734452362,12.829065151331918]},"id":"447","properties":{"lst":36.609734660000015}},{"type":"Feature","geometry":{"geodesic":false,"type":"Point","coordinates":[80.03652313273392,12.829065151331918]},"id":"448","properties":{"lst":35.611672820000024}},{"type":"Feature","geometry":{"geodesic":false,"type":"Point","coordinates":[80.03876892094422,12.829065151331918]},"id":"449","properties":{"lst":37.17370796000003}},{"type":"Feature","geometry":{"geodesic":false,"type":"Point","coordinates":[80.04101470915452,12.829065151331918]},"id":"450","properties":{"lst":37.633431650000034}},{"type":"Feature","geometry":{"geodesic":false,"type":"Point","coordinates":[80.04326049736481,12.829065151331918]},"id":"451","properties":{"lst":38.90493509000004}},{"type":"Feature","geometry":{"geodesic":false,"type":"Point","coordinates":[80.04550628557512,12.829065151331918]},"id":"452","properties":{"lst":39.15957758000002}},{"type":"Feature","geometry":{"geodesic":false,"type":"Point","coordinates":[80.04775207378542,12.829065151331918]},"id":"453","properties":{"lst":38.43495734000001}},{"type":"Feature","geometry":{"geodesic":false,"type":"Point","coordinates":[80.04999786199572,12.829065151331918]},"id":"454","properties":{"lst":37.13952776000002}},{"type":"Feature","geometry":{"geodesic":false,"type":"Point","coordinates":[80.05224365020601,12.829065151331918]},"id":"455","properties":{"lst":38.40419516}},{"type":"Feature","geometry":{"geodesic":false,"type":"Point","coordinates":[80.05448943841631,12.829065151331918]},"id":"456","properties":{"lst":38.02479493999999}},{"type":"Feature","geometry":{"geodesic":false,"type":"Point","coordinates":[80.05673522662661,12.829065151331918]},"id":"457","properties":{"lst":36.878049230000045}},{"type":"Feature","geometry":{"geodesic":false,"type":"Point","coordinates":[80.0589810148369,12.829065151331918]},"id":"458","properties":{"lst":35.01010130000003}},{"type":"Feature","geometry":{"geodesic":false,"type":"Point","coordinates":[80.0612268030472,12.829065151331918]},"id":"459","properties":{"lst":34.81014713000002}},{"type":"Feature","geometry":{"geodesic":false,"type":"Point","coordinates":[80.06347259125751,12.829065151331918]},"id":"460","properties":{"lst":36.02867126000001}},{"type":"Feature","geometry":{"geodesic":false,"type":"Point","coordinates":[80.06571837946781,12.829065151331918]},"id":"461","properties":{"lst":34.53499652000005}},{"type":"Feature","geometry":{"geodesic":false,"type":"Point","coordinates":[80.0679641676781,12.829065151331918]},"id":"462","properties":{"lst":35.45786192000003}},{"type":"Feature","geometry":{"geodesic":false,"type":"Point","coordinates":[80.0702099558884,12.829065151331918]},"id":"463","properties":{"lst":37.71717314}},{"type":"Feature","geometry":{"geodesic":false,"type":"Point","coordinates":[80.0724557440987,12.829065151331918]},"id":"464","properties":{"lst":39.35098670000002}},{"type":"Feature","geometry":{"geodesic":false,"type":"Point","coordinates":[80.074701532309,12.829065151331918]},"id":"465","properties":{"lst":35.11605992}},{"type":"Feature","geometry":{"geodesic":false,"type":"Point","coordinates":[80.0769473205193,12.829065151331918]},"id":"466","properties":{"lst":31.585245260000022}},{"type":"Feature","geometry":{"geodesic":false,"type":"Point","coordinates":[80.0791931087296,12.829065151331918]},"id":"467","properties":{"lst":31.17337385000002}},{"type":"Feature","geometry":{"geodesic":false,"type":"Point","coordinates":[80.00059052136913,12.831310939542215]},"id":"468","properties":{"lst":35.19809240000001}},{"type":"Feature","geometry":{"geodesic":false,"type":"Point","coordinates":[80.00283630957944,12.831310939542215]},"id":"469","properties":{"lst":36.613152679999985}},{"type":"Feature","geometry":{"geodesic":false,"type":"Point","coordinates":[80.00508209778974,12.831310939542215]},"id":"470","properties":{"lst":36.27647771000002}},{"type":"Feature","geometry":{"geodesic":false,"type":"Point","coordinates":[80.00732788600004,12.831310939542215]},"id":"471","properties":{"lst":36.76183655000003}},{"type":"Feature","geometry":{"geodesic":false,"type":"Point","coordinates":[80.00957367421033,12.831310939542215]},"id":"472","properties":{"lst":36.92248349000005}},{"type":"Feature","geometry":{"geodesic":false,"type":"Point","coordinates":[80.01181946242063,12.831310939542215]},"id":"473","properties":{"lst":36.69005813000001}},{"type":"Feature","geometry":{"geodesic":false,"type":"Point","coordinates":[80.01406525063094,12.831310939542215]},"id":"474","properties":{"lst":35.36899340000002}},{"type":"Feature","geometry":{"geodesic":false,"type":"Point","coordinates":[80.01631103884124,12.831310939542215]},"id":"475","properties":{"lst":38.14442564000001}},{"type":"Feature","geometry":{"geodesic":false,"type":"Point","coordinates":[80.01855682705153,12.831310939542215]},"id":"476","properties":{"lst":39.533850770000015}},{"type":"Feature","geometry":{"geodesic":false,"type":"Point","coordinates":[80.02080261526183,12.831310939542215]},"id":"477","properties":{"lst":39.344150660000025}},{"type":"Feature","geometry":{"geodesic":false,"type":"Point","coordinates":[80.02304840347213,12.831310939542215]},"id":"478","properties":{"lst":39.58683008000003}},{"type":"Feature","geometry":{"geodesic":false,"type":"Point","coordinates":[80.02529419168242,12.831310939542215]},"id":"479","properties":{"lst":33.42414001999998}},{"type":"Feature","geometry":{"geodesic":false,"type":"Point","coordinates":[80.02753997989272,12.831310939542215]},"id":"480","properties":{"lst":30.03346418000001}},{"type":"Feature","geometry":{"geodesic":false,"type":"Point","coordinates":[80.02978576810303,12.831310939542215]},"id":"481","properties":{"lst":31.564737140000034}},{"type":"Feature","geometry":{"geodesic":false,"type":"Point","coordinates":[80.03203155631333,12.831310939542215]},"id":"482","properties":{"lst":36.6336608}},{"type":"Feature","geometry":{"geodesic":false,"type":"Point","coordinates":[80.03427734452362,12.831310939542215]},"id":"483","properties":{"lst":37.80945968000003}},{"type":"Feature","geometry":{"geodesic":false,"type":"Point","coordinates":[80.03652313273392,12.831310939542215]},"id":"484","properties":{"lst":37.101929540000015}},{"type":"Feature","geometry":{"geodesic":false,"type":"Point","coordinates":[80.03876892094422,12.831310939542215]},"id":"485","properties":{"lst":37.201052119999986}},{"type":"Feature","geometry":{"geodesic":false,"type":"Point","coordinates":[80.04101470915452,12.831310939542215]},"id":"486","properties":{"lst":36.91052042000001}},{"type":"Feature","geometry":{"geodesic":false,"type":"Point","coordinates":[80.04326049736481,12.831310939542215]},"id":"487","properties":{"lst":38.54091596000001}},{"type":"Feature","geometry":{"geodesic":false,"type":"Point","coordinates":[80.04550628557512,12.831310939542215]},"id":"488","properties":{"lst":40.164475460000006}},{"type":"Feature","geometry":{"geodesic":false,"type":"Point","coordinates":[80.04775207378542,12.831310939542215]},"id":"489","properties":{"lst":40.405445869999994}},{"type":"Feature","geometry":{"geodesic":false,"type":"Point","coordinates":[80.04999786199572,12.831310939542215]},"id":"490","properties":{"lst":38.92373420000001}},{"type":"Feature","geometry":{"geodesic":false,"type":"Point","coordinates":[80.05224365020601,12.831310939542215]},"id":"491","properties":{"lst":38.98867658000006}},{"type":"Feature","geometry":{"geodesic":false,"type":"Point","coordinates":[80.05448943841631,12.831310939542215]},"id":"492","properties":{"lst":38.472555560000046}},{"type":"Feature","geometry":{"geodesic":false,"type":"Point","coordinates":[80.05673522662661,12.831310939542215]},"id":"493","properties":{"lst":36.18590018000003}},{"type":"Feature","geometry":{"geodesic":false,"type":"Point","coordinates":[80.0589810148369,12.831310939542215]},"id":"494","properties":{"lst":34.01545748000001}},{"type":"Feature","geometry":{"geodesic":false,"type":"Point","coordinates":[80.0612268030472,12.831310939542215]},"id":"495","properties":{"lst":34.25813690000001}},{"type":"Feature","geometry":{"geodesic":false,"type":"Point","coordinates":[80.06347259125751,12.831310939542215]},"id":"496","properties":{"lst":38.26747436000002}},{"type":"Feature","geometry":{"geodesic":false,"type":"Point","coordinates":[80.06571837946781,12.831310939542215]},"id":"497","properties":{"lst":38.75966924000002}},{"type":"Feature","geometry":{"geodesic":false,"type":"Point","coordinates":[80.0679641676781,12.831310939542215]},"id":"498","properties":{"lst":38.903226080000024}},{"type":"Feature","geometry":{"geodesic":false,"type":"Point","coordinates":[80.0702099558884,12.831310939542215]},"id":"499","properties":{"lst":39.3851669}},{"type":"Feature","geometry":{"geodesic":false,"type":"Point","coordinates":[80.0724557440987,12.831310939542215]},"id":"500","properties":{"lst":39.046782920000055}},{"type":"Feature","geometry":{"geodesic":false,"type":"Point","coordinates":[80.074701532309,12.831310939542215]},"id":"501","properties":{"lst":34.19319452000002}},{"type":"Feature","geometry":{"geodesic":false,"type":"Point","coordinates":[80.0769473205193,12.831310939542215]},"id":"502","properties":{"lst":31.308385639999983}},{"type":"Feature","geometry":{"geodesic":false,"type":"Point","coordinates":[80.0791931087296,12.831310939542215]},"id":"503","properties":{"lst":29.39771245999998}},{"type":"Feature","geometry":{"geodesic":false,"type":"Point","coordinates":[80.00059052136913,12.833556727752514]},"id":"504","properties":{"lst":37.87098404000005}},{"type":"Feature","geometry":{"geodesic":false,"type":"Point","coordinates":[80.00283630957944,12.833556727752514]},"id":"505","properties":{"lst":38.117081480000024}},{"type":"Feature","geometry":{"geodesic":false,"type":"Point","coordinates":[80.00508209778974,12.833556727752514]},"id":"506","properties":{"lst":37.330936880000024}},{"type":"Feature","geometry":{"geodesic":false,"type":"Point","coordinates":[80.00732788600004,12.833556727752514]},"id":"507","properties":{"lst":35.741557580000034}},{"type":"Feature","geometry":{"geodesic":false,"type":"Point","coordinates":[80.00957367421033,12.833556727752514]},"id":"508","properties":{"lst":35.42026370000002}},{"type":"Feature","geometry":{"geodesic":false,"type":"Point","coordinates":[80.01181946242063,12.833556727752514]},"id":"509","properties":{"lst":33.62409419000002}},{"type":"Feature","geometry":{"geodesic":false,"type":"Point","coordinates":[80.01406525063094,12.833556727752514]},"id":"510","properties":{"lst":34.89559763}},{"type":"Feature","geometry":{"geodesic":false,"type":"Point","coordinates":[80.01631103884124,12.833556727752514]},"id":"511","properties":{"lst":37.78211552000005}},{"type":"Feature","geometry":{"geodesic":false,"type":"Point","coordinates":[80.01855682705153,12.833556727752514]},"id":"512","properties":{"lst":40.017500600000005}},{"type":"Feature","geometry":{"geodesic":false,"type":"Point","coordinates":[80.02080261526183,12.833556727752514]},"id":"513","properties":{"lst":38.27089238000002}},{"type":"Feature","geometry":{"geodesic":false,"type":"Point","coordinates":[80.02304840347213,12.833556727752514]},"id":"514","properties":{"lst":37.29333866000002}},{"type":"Feature","geometry":{"geodesic":false,"type":"Point","coordinates":[80.02529419168242,12.833556727752514]},"id":"515","properties":{"lst":35.464697960000024}},{"type":"Feature","geometry":{"geodesic":false,"type":"Point","coordinates":[80.02753997989272,12.833556727752514]},"id":"516","properties":{"lst":34.99642922000001}},{"type":"Feature","geometry":{"geodesic":false,"type":"Point","coordinates":[80.02978576810303,12.833556727752514]},"id":"517","properties":{"lst":35.48349707}},{"type":"Feature","geometry":{"geodesic":false,"type":"Point","coordinates":[80.03203155631333,12.833556727752514]},"id":"518","properties":{"lst":36.65929595000003}},{"type":"Feature","geometry":{"geodesic":false,"type":"Point","coordinates":[80.03427734452362,12.833556727752514]},"id":"519","properties":{"lst":37.37195312000006}},{"type":"Feature","geometry":{"geodesic":false,"type":"Point","coordinates":[80.03652313273392,12.833556727752514]},"id":"520","properties":{"lst":36.700312190000034}},{"type":"Feature","geometry":{"geodesic":false,"type":"Point","coordinates":[80.03876892094422,12.833556727752514]},"id":"521","properties":{"lst":36.315784940000015}},{"type":"Feature","geometry":{"geodesic":false,"type":"Point","coordinates":[80.04101470915452,12.833556727752514]},"id":"522","properties":{"lst":36.148301960000026}},{"type":"Feature","geometry":{"geodesic":false,"type":"Point","coordinates":[80.04326049736481,12.833556727752514]},"id":"523","properties":{"lst":37.22497826000006}},{"type":"Feature","geometry":{"geodesic":false,"type":"Point","coordinates":[80.04550628557512,12.833556727752514]},"id":"524","properties":{"lst":38.49989972}},{"type":"Feature","geometry":{"geodesic":false,"type":"Point","coordinates":[80.04775207378542,12.833556727752514]},"id":"525","properties":{"lst":39.60904721000003}},{"type":"Feature","geometry":{"geodesic":false,"type":"Point","coordinates":[80.04999786199572,12.833556727752514]},"id":"526","properties":{"lst":40.49602340000001}},{"type":"Feature","geometry":{"geodesic":false,"type":"Point","coordinates":[80.05224365020601,12.833556727752514]},"id":"527","properties":{"lst":39.53555978000003}},{"type":"Feature","geometry":{"geodesic":false,"type":"Point","coordinates":[80.05448943841631,12.833556727752514]},"id":"528","properties":{"lst":38.52382585999999}},{"type":"Feature","geometry":{"geodesic":false,"type":"Point","coordinates":[80.05673522662661,12.833556727752514]},"id":"529","properties":{"lst":37.30701074000001}},{"type":"Feature","geometry":{"geodesic":false,"type":"Point","coordinates":[80.0589810148369,12.833556727752514]},"id":"530","properties":{"lst":35.04428150000001}},{"type":"Feature","geometry":{"geodesic":false,"type":"Point","coordinates":[80.0612268030472,12.833556727752514]},"id":"531","properties":{"lst":33.51642656000001}},{"type":"Feature","geometry":{"geodesic":false,"type":"Point","coordinates":[80.06347259125751,12.833556727752514]},"id":"532","properties":{"lst":34.97421209000004}},{"type":"Feature","geometry":{"geodesic":false,"type":"Point","coordinates":[80.06571837946781,12.833556727752514]},"id":"533","properties":{"lst":37.77869750000002}},{"type":"Feature","geometry":{"geodesic":false,"type":"Point","coordinates":[80.0679641676781,12.833556727752514]},"id":"534","properties":{"lst":39.655190480000044}},{"type":"Feature","geometry":{"geodesic":false,"type":"Point","coordinates":[80.0702099558884,12.833556727752514]},"id":"535","properties":{"lst":39.23477402000003}},{"type":"Feature","geometry":{"geodesic":false,"type":"Point","coordinates":[80.0724557440987,12.833556727752514]},"id":"536","properties":{"lst":36.51744811999998}},{"type":"Feature","geometry":{"geodesic":false,"type":"Point","coordinates":[80.074701532309,12.833556727752514]},"id":"537","properties":{"lst":33.06524792000002}},{"type":"Feature","geometry":{"geodesic":false,"type":"Point","coordinates":[80.0769473205193,12.833556727752514]},"id":"538","properties":{"lst":30.14113181000002}},{"type":"Feature","geometry":{"geodesic":false,"type":"Point","coordinates":[80.0791931087296,12.833556727752514]},"id":"539","properties":{"lst":29.953140710000014}},{"type":"Feature","geometry":{"geodesic":false,"type":"Point","coordinates":[80.00059052136913,12.835802515962813]},"id":"540","properties":{"lst":36.637078820000056}},{"type":"Feature","geometry":{"geodesic":false,"type":"Point","coordinates":[80.00283630957944,12.835802515962813]},"id":"541","properties":{"lst":37.35999005000002}},{"type":"Feature","geometry":{"geodesic":false,"type":"Point","coordinates":[80.00508209778974,12.835802515962813]},"id":"542","properties":{"lst":38.78872241000005}},{"type":"Feature","geometry":{"geodesic":false,"type":"Point","coordinates":[80.00732788600004,12.835802515962813]},"id":"543","properties":{"lst":38.846828750000014}},{"type":"Feature","geometry":{"geodesic":false,"type":"Point","coordinates":[80.00957367421033,12.835802515962813]},"id":"544","properties":{"lst":37.551399169999996}},{"type":"Feature","geometry":{"geodesic":false,"type":"Point","coordinates":[80.01181946242063,12.835802515962813]},"id":"545","properties":{"lst":36.30894890000002}},{"type":"Feature","geometry":{"geodesic":false,"type":"Point","coordinates":[80.01406525063094,12.835802515962813]},"id":"546","properties":{"lst":36.16197404000002}},{"type":"Feature","geometry":{"geodesic":false,"type":"Point","coordinates":[80.01631103884124,12.835802515962813]},"id":"547","properties":{"lst":38.54091596000001}},{"type":"Feature","geometry":{"geodesic":false,"type":"Point","coordinates":[80.01855682705153,12.835802515962813]},"id":"548","properties":{"lst":38.93569727000005}},{"type":"Feature","geometry":{"geodesic":false,"type":"Point","coordinates":[80.02080261526183,12.835802515962813]},"id":"549","properties":{"lst":38.48622764000004}},{"type":"Feature","geometry":{"geodesic":false,"type":"Point","coordinates":[80.02304840347213,12.835802515962813]},"id":"550","properties":{"lst":37.35828104000004}},{"type":"Feature","geometry":{"geodesic":false,"type":"Point","coordinates":[80.02529419168242,12.835802515962813]},"id":"551","properties":{"lst":38.32216268000002}},{"type":"Feature","geometry":{"geodesic":false,"type":"Point","coordinates":[80.02753997989272,12.835802515962813]},"id":"552","properties":{"lst":38.380269020000014}},{"type":"Feature","geometry":{"geodesic":false,"type":"Point","coordinates":[80.02978576810303,12.835802515962813]},"id":"553","properties":{"lst":36.19444523000004}},{"type":"Feature","geometry":{"geodesic":false,"type":"Point","coordinates":[80.03203155631333,12.835802515962813]},"id":"554","properties":{"lst":36.80627081000003}},{"type":"Feature","geometry":{"geodesic":false,"type":"Point","coordinates":[80.03427734452362,12.835802515962813]},"id":"555","properties":{"lst":37.02673310000003}},{"type":"Feature","geometry":{"geodesic":false,"type":"Point","coordinates":[80.03652313273392,12.835802515962813]},"id":"556","properties":{"lst":36.281604740000034}},{"type":"Feature","geometry":{"geodesic":false,"type":"Point","coordinates":[80.03876892094422,12.835802515962813]},"id":"557","properties":{"lst":35.16733022000005}},{"type":"Feature","geometry":{"geodesic":false,"type":"Point","coordinates":[80.04101470915452,12.835802515962813]},"id":"558","properties":{"lst":36.307239890000034}},{"type":"Feature","geometry":{"geodesic":false,"type":"Point","coordinates":[80.04326049736481,12.835802515962813]},"id":"559","properties":{"lst":37.70008303999998}},{"type":"Feature","geometry":{"geodesic":false,"type":"Point","coordinates":[80.04550628557512,12.835802515962813]},"id":"560","properties":{"lst":38.89297202}},{"type":"Feature","geometry":{"geodesic":false,"type":"Point","coordinates":[80.04775207378542,12.835802515962813]},"id":"561","properties":{"lst":38.79726746000006}},{"type":"Feature","geometry":{"geodesic":false,"type":"Point","coordinates":[80.04999786199572,12.835802515962813]},"id":"562","properties":{"lst":40.07218892000003}},{"type":"Feature","geometry":{"geodesic":false,"type":"Point","coordinates":[80.05224365020601,12.835802515962813]},"id":"563","properties":{"lst":40.12687724000003}},{"type":"Feature","geometry":{"geodesic":false,"type":"Point","coordinates":[80.05448943841631,12.835802515962813]},"id":"564","properties":{"lst":39.55264987999999}},{"type":"Feature","geometry":{"geodesic":false,"type":"Point","coordinates":[80.05673522662661,12.835802515962813]},"id":"565","properties":{"lst":37.257449450000024}},{"type":"Feature","geometry":{"geodesic":false,"type":"Point","coordinates":[80.0589810148369,12.835802515962813]},"id":"566","properties":{"lst":35.45786192000003}},{"type":"Feature","geometry":{"geodesic":false,"type":"Point","coordinates":[80.0612268030472,12.835802515962813]},"id":"567","properties":{"lst":34.463218100000006}},{"type":"Feature","geometry":{"geodesic":false,"type":"Point","coordinates":[80.06347259125751,12.835802515962813]},"id":"568","properties":{"lst":35.591164700000036}},{"type":"Feature","geometry":{"geodesic":false,"type":"Point","coordinates":[80.06571837946781,12.835802515962813]},"id":"569","properties":{"lst":37.9666886}},{"type":"Feature","geometry":{"geodesic":false,"type":"Point","coordinates":[80.0679641676781,12.835802515962813]},"id":"570","properties":{"lst":38.19569594000001}},{"type":"Feature","geometry":{"geodesic":false,"type":"Point","coordinates":[80.0702099558884,12.835802515962813]},"id":"571","properties":{"lst":37.870984040000025}},{"type":"Feature","geometry":{"geodesic":false,"type":"Point","coordinates":[80.0724557440987,12.835802515962813]},"id":"572","properties":{"lst":34.65291821000005}},{"type":"Feature","geometry":{"geodesic":false,"type":"Point","coordinates":[80.074701532309,12.835802515962813]},"id":"573","properties":{"lst":31.199009000000018}},{"type":"Feature","geometry":{"geodesic":false,"type":"Point","coordinates":[80.0769473205193,12.835802515962813]},"id":"574","properties":{"lst":30.22316429}},{"type":"Feature","geometry":{"geodesic":false,"type":"Point","coordinates":[80.0791931087296,12.835802515962813]},"id":"575","properties":{"lst":29.57203148000002}},{"type":"Feature","geometry":{"geodesic":false,"type":"Point","coordinates":[80.00059052136913,12.838048304173112]},"id":"576","properties":{"lst":36.89684834000002}},{"type":"Feature","geometry":{"geodesic":false,"type":"Point","coordinates":[80.00283630957944,12.838048304173112]},"id":"577","properties":{"lst":37.52234600000003}},{"type":"Feature","geometry":{"geodesic":false,"type":"Point","coordinates":[80.00508209778974,12.838048304173112]},"id":"578","properties":{"lst":38.77163231000003}},{"type":"Feature","geometry":{"geodesic":false,"type":"Point","coordinates":[80.00732788600004,12.838048304173112]},"id":"579","properties":{"lst":40.24308991999999}},{"type":"Feature","geometry":{"geodesic":false,"type":"Point","coordinates":[80.00957367421033,12.838048304173112]},"id":"580","properties":{"lst":40.294360220000016}},{"type":"Feature","geometry":{"geodesic":false,"type":"Point","coordinates":[80.01181946242063,12.838048304173112]},"id":"581","properties":{"lst":38.98867658}},{"type":"Feature","geometry":{"geodesic":false,"type":"Point","coordinates":[80.01406525063094,12.838048304173112]},"id":"582","properties":{"lst":38.97500450000001}},{"type":"Feature","geometry":{"geodesic":false,"type":"Point","coordinates":[80.01631103884124,12.838048304173112]},"id":"583","properties":{"lst":39.44327324000005}},{"type":"Feature","geometry":{"geodesic":false,"type":"Point","coordinates":[80.01855682705153,12.838048304173112]},"id":"584","properties":{"lst":38.13075356000002}},{"type":"Feature","geometry":{"geodesic":false,"type":"Point","coordinates":[80.02080261526183,12.838048304173112]},"id":"585","properties":{"lst":38.73232508000001}},{"type":"Feature","geometry":{"geodesic":false,"type":"Point","coordinates":[80.02304840347213,12.838048304173112]},"id":"586","properties":{"lst":38.16835178000002}},{"type":"Feature","geometry":{"geodesic":false,"type":"Point","coordinates":[80.02529419168242,12.838048304173112]},"id":"587","properties":{"lst":37.78211552000005}},{"type":"Feature","geometry":{"geodesic":false,"type":"Point","coordinates":[80.02753997989272,12.838048304173112]},"id":"588","properties":{"lst":36.66442298000004}},{"type":"Feature","geometry":{"geodesic":false,"type":"Point","coordinates":[80.02978576810303,12.838048304173112]},"id":"589","properties":{"lst":36.42003455}},{"type":"Feature","geometry":{"geodesic":false,"type":"Point","coordinates":[80.03203155631333,12.838048304173112]},"id":"590","properties":{"lst":36.411489500000016}},{"type":"Feature","geometry":{"geodesic":false,"type":"Point","coordinates":[80.03427734452362,12.838048304173112]},"id":"591","properties":{"lst":36.76696358000004}},{"type":"Feature","geometry":{"geodesic":false,"type":"Point","coordinates":[80.03652313273392,12.838048304173112]},"id":"592","properties":{"lst":36.75500051000003}},{"type":"Feature","geometry":{"geodesic":false,"type":"Point","coordinates":[80.03876892094422,12.838048304173112]},"id":"593","properties":{"lst":36.355092170000034}},{"type":"Feature","geometry":{"geodesic":false,"type":"Point","coordinates":[80.04101470915452,12.838048304173112]},"id":"594","properties":{"lst":36.524284160000036}},{"type":"Feature","geometry":{"geodesic":false,"type":"Point","coordinates":[80.04326049736481,12.838048304173112]},"id":"595","properties":{"lst":37.69495601}},{"type":"Feature","geometry":{"geodesic":false,"type":"Point","coordinates":[80.04550628557512,12.838048304173112]},"id":"596","properties":{"lst":36.319202959999984}},{"type":"Feature","geometry":{"geodesic":false,"type":"Point","coordinates":[80.04775207378542,12.838048304173112]},"id":"597","properties":{"lst":36.99597091999999}},{"type":"Feature","geometry":{"geodesic":false,"type":"Point","coordinates":[80.04999786199572,12.838048304173112]},"id":"598","properties":{"lst":38.10340940000003}},{"type":"Feature","geometry":{"geodesic":false,"type":"Point","coordinates":[80.05224365020601,12.838048304173112]},"id":"599","properties":{"lst":39.89445188000002}},{"type":"Feature","geometry":{"geodesic":false,"type":"Point","coordinates":[80.05448943841631,12.838048304173112]},"id":"600","properties":{"lst":40.03800871999999}},{"type":"Feature","geometry":{"geodesic":false,"type":"Point","coordinates":[80.05673522662661,12.838048304173112]},"id":"601","properties":{"lst":38.79214043000002}},{"type":"Feature","geometry":{"geodesic":false,"type":"Point","coordinates":[80.0589810148369,12.838048304173112]},"id":"602","properties":{"lst":38.35634288000006}},{"type":"Feature","geometry":{"geodesic":false,"type":"Point","coordinates":[80.0612268030472,12.838048304173112]},"id":"603","properties":{"lst":37.525764020000054}},{"type":"Feature","geometry":{"geodesic":false,"type":"Point","coordinates":[80.06347259125751,12.838048304173112]},"id":"604","properties":{"lst":35.775737779999986}},{"type":"Feature","geometry":{"geodesic":false,"type":"Point","coordinates":[80.06571837946781,12.838048304173112]},"id":"605","properties":{"lst":37.09167548000005}},{"type":"Feature","geometry":{"geodesic":false,"type":"Point","coordinates":[80.0679641676781,12.838048304173112]},"id":"606","properties":{"lst":38.10682742000003}},{"type":"Feature","geometry":{"geodesic":false,"type":"Point","coordinates":[80.0702099558884,12.838048304173112]},"id":"607","properties":{"lst":37.339481930000005}},{"type":"Feature","geometry":{"geodesic":false,"type":"Point","coordinates":[80.0724557440987,12.838048304173112]},"id":"608","properties":{"lst":33.08233802000001}},{"type":"Feature","geometry":{"geodesic":false,"type":"Point","coordinates":[80.074701532309,12.838048304173112]},"id":"609","properties":{"lst":31.602335360000012}},{"type":"Feature","geometry":{"geodesic":false,"type":"Point","coordinates":[80.0769473205193,12.838048304173112]},"id":"610","properties":{"lst":31.115267510000024}},{"type":"Feature","geometry":{"geodesic":false,"type":"Point","coordinates":[80.0791931087296,12.838048304173112]},"id":"611","properties":{"lst":31.482704660000024}},{"type":"Feature","geometry":{"geodesic":false,"type":"Point","coordinates":[80.00059052136913,12.840294092383411]},"id":"612","properties":{"lst":38.506735760000026}},{"type":"Feature","geometry":{"geodesic":false,"type":"Point","coordinates":[80.00283630957944,12.840294092383411]},"id":"613","properties":{"lst":38.27431039999999}},{"type":"Feature","geometry":{"geodesic":false,"type":"Point","coordinates":[80.00508209778974,12.840294092383411]},"id":"614","properties":{"lst":38.85537380000005}},{"type":"Feature","geometry":{"geodesic":false,"type":"Point","coordinates":[80.00732788600004,12.840294092383411]},"id":"615","properties":{"lst":40.2738521}},{"type":"Feature","geometry":{"geodesic":false,"type":"Point","coordinates":[80.00957367421033,12.840294092383411]},"id":"616","properties":{"lst":40.082442979999996}},{"type":"Feature","geometry":{"geodesic":false,"type":"Point","coordinates":[80.01181946242063,12.840294092383411]},"id":"617","properties":{"lst":38.156388710000044}},{"type":"Feature","geometry":{"geodesic":false,"type":"Point","coordinates":[80.01406525063094,12.840294092383411]},"id":"618","properties":{"lst":38.71523497999999}},{"type":"Feature","geometry":{"geodesic":false,"type":"Point","coordinates":[80.01631103884124,12.840294092383411]},"id":"619","properties":{"lst":38.84511974000003}},{"type":"Feature","geometry":{"geodesic":false,"type":"Point","coordinates":[80.01855682705153,12.840294092383411]},"id":"620","properties":{"lst":36.00816314000002}},{"type":"Feature","geometry":{"geodesic":false,"type":"Point","coordinates":[80.02080261526183,12.840294092383411]},"id":"621","properties":{"lst":33.57624191000002}},{"type":"Feature","geometry":{"geodesic":false,"type":"Point","coordinates":[80.02304840347213,12.840294092383411]},"id":"622","properties":{"lst":37.28650262000002}},{"type":"Feature","geometry":{"geodesic":false,"type":"Point","coordinates":[80.02529419168242,12.840294092383411]},"id":"623","properties":{"lst":38.207659010000015}},{"type":"Feature","geometry":{"geodesic":false,"type":"Point","coordinates":[80.02753997989272,12.840294092383411]},"id":"624","properties":{"lst":37.720591160000026}},{"type":"Feature","geometry":{"geodesic":false,"type":"Point","coordinates":[80.02978576810303,12.840294092383411]},"id":"625","properties":{"lst":36.40465346000002}},{"type":"Feature","geometry":{"geodesic":false,"type":"Point","coordinates":[80.03203155631333,12.840294092383411]},"id":"626","properties":{"lst":36.60631664000002}},{"type":"Feature","geometry":{"geodesic":false,"type":"Point","coordinates":[80.03427734452362,12.840294092383411]},"id":"627","properties":{"lst":36.67125901999998}},{"type":"Feature","geometry":{"geodesic":false,"type":"Point","coordinates":[80.03652313273392,12.840294092383411]},"id":"628","properties":{"lst":35.30063300000003}},{"type":"Feature","geometry":{"geodesic":false,"type":"Point","coordinates":[80.03876892094422,12.840294092383411]},"id":"629","properties":{"lst":36.27647771000002}},{"type":"Feature","geometry":{"geodesic":false,"type":"Point","coordinates":[80.04101470915452,12.840294092383411]},"id":"630","properties":{"lst":35.5569845}},{"type":"Feature","geometry":{"geodesic":false,"type":"Point","coordinates":[80.04326049736481,12.840294092383411]},"id":"631","properties":{"lst":37.49329283}},{"type":"Feature","geometry":{"geodesic":false,"type":"Point","coordinates":[80.04550628557512,12.840294092383411]},"id":"632","properties":{"lst":37.94105345000003}},{"type":"Feature","geometry":{"geodesic":false,"type":"Point","coordinates":[80.04775207378542,12.840294092383411]},"id":"633","properties":{"lst":36.748164470000006}},{"type":"Feature","geometry":{"geodesic":false,"type":"Point","coordinates":[80.04999786199572,12.840294092383411]},"id":"634","properties":{"lst":36.19786325000001}},{"type":"Feature","geometry":{"geodesic":false,"type":"Point","coordinates":[80.05224365020601,12.840294092383411]},"id":"635","properties":{"lst":36.490103960000056}},{"type":"Feature","geometry":{"geodesic":false,"type":"Point","coordinates":[80.05448943841631,12.840294092383411]},"id":"636","properties":{"lst":39.12881540000001}},{"type":"Feature","geometry":{"geodesic":false,"type":"Point","coordinates":[80.05673522662661,12.840294092383411]},"id":"637","properties":{"lst":39.49454354000002}},{"type":"Feature","geometry":{"geodesic":false,"type":"Point","coordinates":[80.0589810148369,12.840294092383411]},"id":"638","properties":{"lst":39.361240760000044}},{"type":"Feature","geometry":{"geodesic":false,"type":"Point","coordinates":[80.0612268030472,12.840294092383411]},"id":"639","properties":{"lst":39.29288036000003}},{"type":"Feature","geometry":{"geodesic":false,"type":"Point","coordinates":[80.06347259125751,12.840294092383411]},"id":"640","properties":{"lst":39.14932352000005}},{"type":"Feature","geometry":{"geodesic":false,"type":"Point","coordinates":[80.06571837946781,12.840294092383411]},"id":"641","properties":{"lst":38.60244032000003}},{"type":"Feature","geometry":{"geodesic":false,"type":"Point","coordinates":[80.0679641676781,12.840294092383411]},"id":"642","properties":{"lst":38.79726746000006}},{"type":"Feature","geometry":{"geodesic":false,"type":"Point","coordinates":[80.0702099558884,12.840294092383411]},"id":"643","properties":{"lst":38.22133109000001}},{"type":"Feature","geometry":{"geodesic":false,"type":"Point","coordinates":[80.0724557440987,12.840294092383411]},"id":"644","properties":{"lst":34.367513540000004}},{"type":"Feature","geometry":{"geodesic":false,"type":"Point","coordinates":[80.074701532309,12.840294092383411]},"id":"645","properties":{"lst":34.46150909000002}},{"type":"Feature","geometry":{"geodesic":false,"type":"Point","coordinates":[80.0769473205193,12.840294092383411]},"id":"646","properties":{"lst":33.366033680000015}},{"type":"Feature","geometry":{"geodesic":false,"type":"Point","coordinates":[80.0791931087296,12.840294092383411]},"id":"647","properties":{"lst":33.95393311999999}},{"type":"Feature","geometry":{"geodesic":false,"type":"Point","coordinates":[80.00059052136913,12.84253988059371]},"id":"648","properties":{"lst":38.18885990000001}},{"type":"Feature","geometry":{"geodesic":false,"type":"Point","coordinates":[80.00283630957944,12.84253988059371]},"id":"649","properties":{"lst":39.610756219999985}},{"type":"Feature","geometry":{"geodesic":false,"type":"Point","coordinates":[80.00508209778974,12.84253988059371]},"id":"650","properties":{"lst":39.20401184000002}},{"type":"Feature","geometry":{"geodesic":false,"type":"Point","coordinates":[80.00732788600004,12.84253988059371]},"id":"651","properties":{"lst":37.69495601000003}},{"type":"Feature","geometry":{"geodesic":false,"type":"Point","coordinates":[80.00957367421033,12.84253988059371]},"id":"652","properties":{"lst":36.90710240000004}},{"type":"Feature","geometry":{"geodesic":false,"type":"Point","coordinates":[80.01181946242063,12.84253988059371]},"id":"653","properties":{"lst":36.81994289000002}},{"type":"Feature","geometry":{"geodesic":false,"type":"Point","coordinates":[80.01406525063094,12.84253988059371]},"id":"654","properties":{"lst":38.66054666000002}},{"type":"Feature","geometry":{"geodesic":false,"type":"Point","coordinates":[80.01631103884124,12.84253988059371]},"id":"655","properties":{"lst":39.16812263000003}},{"type":"Feature","geometry":{"geodesic":false,"type":"Point","coordinates":[80.01855682705153,12.84253988059371]},"id":"656","properties":{"lst":37.89832820000004}},{"type":"Feature","geometry":{"geodesic":false,"type":"Point","coordinates":[80.02080261526183,12.84253988059371]},"id":"657","properties":{"lst":34.28377205000004}},{"type":"Feature","geometry":{"geodesic":false,"type":"Point","coordinates":[80.02304840347213,12.84253988059371]},"id":"658","properties":{"lst":36.97204478000003}},{"type":"Feature","geometry":{"geodesic":false,"type":"Point","coordinates":[80.02529419168242,12.84253988059371]},"id":"659","properties":{"lst":38.38197803}},{"type":"Feature","geometry":{"geodesic":false,"type":"Point","coordinates":[80.02753997989272,12.84253988059371]},"id":"660","properties":{"lst":38.28798247999998}},{"type":"Feature","geometry":{"geodesic":false,"type":"Point","coordinates":[80.02978576810303,12.84253988059371]},"id":"661","properties":{"lst":38.01454088000003}},{"type":"Feature","geometry":{"geodesic":false,"type":"Point","coordinates":[80.03203155631333,12.84253988059371]},"id":"662","properties":{"lst":36.66271397000003}},{"type":"Feature","geometry":{"geodesic":false,"type":"Point","coordinates":[80.03427734452362,12.84253988059371]},"id":"663","properties":{"lst":37.720591160000026}},{"type":"Feature","geometry":{"geodesic":false,"type":"Point","coordinates":[80.03652313273392,12.84253988059371]},"id":"664","properties":{"lst":36.58580852000003}},{"type":"Feature","geometry":{"geodesic":false,"type":"Point","coordinates":[80.03876892094422,12.84253988059371]},"id":"665","properties":{"lst":36.18760919000002}},{"type":"Feature","geometry":{"geodesic":false,"type":"Point","coordinates":[80.04101470915452,12.84253988059371]},"id":"666","properties":{"lst":36.21324434000002}},{"type":"Feature","geometry":{"geodesic":false,"type":"Point","coordinates":[80.04326049736481,12.84253988059371]},"id":"667","properties":{"lst":37.79578760000004}},{"type":"Feature","geometry":{"geodesic":false,"type":"Point","coordinates":[80.04550628557512,12.84253988059371]},"id":"668","properties":{"lst":37.26941252000006}},{"type":"Feature","geometry":{"geodesic":false,"type":"Point","coordinates":[80.04775207378542,12.84253988059371]},"id":"669","properties":{"lst":35.362157360000026}},{"type":"Feature","geometry":{"geodesic":false,"type":"Point","coordinates":[80.04999786199572,12.84253988059371]},"id":"670","properties":{"lst":35.50571420000006}},{"type":"Feature","geometry":{"geodesic":false,"type":"Point","coordinates":[80.05224365020601,12.84253988059371]},"id":"671","properties":{"lst":36.406362470000005}},{"type":"Feature","geometry":{"geodesic":false,"type":"Point","coordinates":[80.05448943841631,12.84253988059371]},"id":"672","properties":{"lst":37.953016520000034}},{"type":"Feature","geometry":{"geodesic":false,"type":"Point","coordinates":[80.05673522662661,12.84253988059371]},"id":"673","properties":{"lst":39.64493642000002}},{"type":"Feature","geometry":{"geodesic":false,"type":"Point","coordinates":[80.0589810148369,12.84253988059371]},"id":"674","properties":{"lst":40.38322874000005}},{"type":"Feature","geometry":{"geodesic":false,"type":"Point","coordinates":[80.0612268030472,12.84253988059371]},"id":"675","properties":{"lst":40.3251224}},{"type":"Feature","geometry":{"geodesic":false,"type":"Point","coordinates":[80.06347259125751,12.84253988059371]},"id":"676","properties":{"lst":39.019438760000014}},{"type":"Feature","geometry":{"geodesic":false,"type":"Point","coordinates":[80.06571837946781,12.84253988059371]},"id":"677","properties":{"lst":38.17176979999999}},{"type":"Feature","geometry":{"geodesic":false,"type":"Point","coordinates":[80.0679641676781,12.84253988059371]},"id":"678","properties":{"lst":38.58022319000003}},{"type":"Feature","geometry":{"geodesic":false,"type":"Point","coordinates":[80.0702099558884,12.84253988059371]},"id":"679","properties":{"lst":39.36124075999999}},{"type":"Feature","geometry":{"geodesic":false,"type":"Point","coordinates":[80.0724557440987,12.84253988059371]},"id":"680","properties":{"lst":37.17712598000003}},{"type":"Feature","geometry":{"geodesic":false,"type":"Point","coordinates":[80.074701532309,12.84253988059371]},"id":"681","properties":{"lst":33.75397895000003}},{"type":"Feature","geometry":{"geodesic":false,"type":"Point","coordinates":[80.0769473205193,12.84253988059371]},"id":"682","properties":{"lst":32.972961380000015}},{"type":"Feature","geometry":{"geodesic":false,"type":"Point","coordinates":[80.0791931087296,12.84253988059371]},"id":"683","properties":{"lst":35.29037893999998}},{"type":"Feature","geometry":{"geodesic":false,"type":"Point","coordinates":[80.00059052136913,12.84478566880401]},"id":"684","properties":{"lst":39.54923186000002}},{"type":"Feature","geometry":{"geodesic":false,"type":"Point","coordinates":[80.00283630957944,12.84478566880401]},"id":"685","properties":{"lst":38.48280962000001}},{"type":"Feature","geometry":{"geodesic":false,"type":"Point","coordinates":[80.00508209778974,12.84478566880401]},"id":"686","properties":{"lst":39.43301918000003}},{"type":"Feature","geometry":{"geodesic":false,"type":"Point","coordinates":[80.00732788600004,12.84478566880401]},"id":"687","properties":{"lst":37.339481930000034}},{"type":"Feature","geometry":{"geodesic":false,"type":"Point","coordinates":[80.00957367421033,12.84478566880401]},"id":"688","properties":{"lst":37.019897060000005}},{"type":"Feature","geometry":{"geodesic":false,"type":"Point","coordinates":[80.01181946242063,12.84478566880401]},"id":"689","properties":{"lst":38.13758960000001}},{"type":"Feature","geometry":{"geodesic":false,"type":"Point","coordinates":[80.01406525063094,12.84478566880401]},"id":"690","properties":{"lst":40.95916511000004}},{"type":"Feature","geometry":{"geodesic":false,"type":"Point","coordinates":[80.01631103884124,12.84478566880401]},"id":"691","properties":{"lst":39.72696890000003}},{"type":"Feature","geometry":{"geodesic":false,"type":"Point","coordinates":[80.01855682705153,12.84478566880401]},"id":"692","properties":{"lst":38.48110061000003}},{"type":"Feature","geometry":{"geodesic":false,"type":"Point","coordinates":[80.02080261526183,12.84478566880401]},"id":"693","properties":{"lst":37.10534756000004}},{"type":"Feature","geometry":{"geodesic":false,"type":"Point","coordinates":[80.02304840347213,12.84478566880401]},"id":"694","properties":{"lst":36.94128260000002}},{"type":"Feature","geometry":{"geodesic":false,"type":"Point","coordinates":[80.02529419168242,12.84478566880401]},"id":"695","properties":{"lst":37.55652620000001}},{"type":"Feature","geometry":{"geodesic":false,"type":"Point","coordinates":[80.02753997989272,12.84478566880401]},"id":"696","properties":{"lst":39.0433649}},{"type":"Feature","geometry":{"geodesic":false,"type":"Point","coordinates":[80.02978576810303,12.84478566880401]},"id":"697","properties":{"lst":38.67250973}},{"type":"Feature","geometry":{"geodesic":false,"type":"Point","coordinates":[80.03203155631333,12.84478566880401]},"id":"698","properties":{"lst":38.13758960000001}},{"type":"Feature","geometry":{"geodesic":false,"type":"Point","coordinates":[80.03427734452362,12.84478566880401]},"id":"699","properties":{"lst":38.58535022000001}},{"type":"Feature","geometry":{"geodesic":false,"type":"Point","coordinates":[80.03652313273392,12.84478566880401]},"id":"700","properties":{"lst":37.534309070000006}},{"type":"Feature","geometry":{"geodesic":false,"type":"Point","coordinates":[80.03876892094422,12.84478566880401]},"id":"701","properties":{"lst":35.777446790000056}},{"type":"Feature","geometry":{"geodesic":false,"type":"Point","coordinates":[80.04101470915452,12.84478566880401]},"id":"702","properties":{"lst":35.71250441000004}},{"type":"Feature","geometry":{"geodesic":false,"type":"Point","coordinates":[80.04326049736481,12.84478566880401]},"id":"703","properties":{"lst":37.452276590000025}},{"type":"Feature","geometry":{"geodesic":false,"type":"Point","coordinates":[80.04550628557512,12.84478566880401]},"id":"704","properties":{"lst":35.60996381000001}},{"type":"Feature","geometry":{"geodesic":false,"type":"Point","coordinates":[80.04775207378542,12.84478566880401]},"id":"705","properties":{"lst":33.96760519999998}},{"type":"Feature","geometry":{"geodesic":false,"type":"Point","coordinates":[80.04999786199572,12.84478566880401]},"id":"706","properties":{"lst":36.29869484000005}},{"type":"Feature","geometry":{"geodesic":false,"type":"Point","coordinates":[80.05224365020601,12.84478566880401]},"id":"707","properties":{"lst":37.51892798}},{"type":"Feature","geometry":{"geodesic":false,"type":"Point","coordinates":[80.05448943841631,12.84478566880401]},"id":"708","properties":{"lst":34.73153267000001}},{"type":"Feature","geometry":{"geodesic":false,"type":"Point","coordinates":[80.05673522662661,12.84478566880401]},"id":"709","properties":{"lst":36.54137426}},{"type":"Feature","geometry":{"geodesic":false,"type":"Point","coordinates":[80.0589810148369,12.84478566880401]},"id":"710","properties":{"lst":40.56096578000003}},{"type":"Feature","geometry":{"geodesic":false,"type":"Point","coordinates":[80.0612268030472,12.84478566880401]},"id":"711","properties":{"lst":40.441335080000044}},{"type":"Feature","geometry":{"geodesic":false,"type":"Point","coordinates":[80.06347259125751,12.84478566880401]},"id":"712","properties":{"lst":39.45010927999999}},{"type":"Feature","geometry":{"geodesic":false,"type":"Point","coordinates":[80.06571837946781,12.84478566880401]},"id":"713","properties":{"lst":36.91052042000004}},{"type":"Feature","geometry":{"geodesic":false,"type":"Point","coordinates":[80.0679641676781,12.84478566880401]},"id":"714","properties":{"lst":38.78701339999998}},{"type":"Feature","geometry":{"geodesic":false,"type":"Point","coordinates":[80.0702099558884,12.84478566880401]},"id":"715","properties":{"lst":38.549461010000016}},{"type":"Feature","geometry":{"geodesic":false,"type":"Point","coordinates":[80.0724557440987,12.84478566880401]},"id":"716","properties":{"lst":36.77721764}},{"type":"Feature","geometry":{"geodesic":false,"type":"Point","coordinates":[80.074701532309,12.84478566880401]},"id":"717","properties":{"lst":33.020813660000044}},{"type":"Feature","geometry":{"geodesic":false,"type":"Point","coordinates":[80.0769473205193,12.84478566880401]},"id":"718","properties":{"lst":33.45490219999999}},{"type":"Feature","geometry":{"geodesic":false,"type":"Point","coordinates":[80.0791931087296,12.84478566880401]},"id":"719","properties":{"lst":35.58432865999998}},{"type":"Feature","geometry":{"geodesic":false,"type":"Point","coordinates":[80.00059052136913,12.847031457014307]},"id":"720","properties":{"lst":37.81971374}},{"type":"Feature","geometry":{"geodesic":false,"type":"Point","coordinates":[80.00283630957944,12.847031457014307]},"id":"721","properties":{"lst":35.97227393000003}},{"type":"Feature","geometry":{"geodesic":false,"type":"Point","coordinates":[80.00508209778974,12.847031457014307]},"id":"722","properties":{"lst":33.733470830000016}},{"type":"Feature","geometry":{"geodesic":false,"type":"Point","coordinates":[80.00732788600004,12.847031457014307]},"id":"723","properties":{"lst":32.42095115000001}},{"type":"Feature","geometry":{"geodesic":false,"type":"Point","coordinates":[80.00957367421033,12.847031457014307]},"id":"724","properties":{"lst":34.74520475000003}},{"type":"Feature","geometry":{"geodesic":false,"type":"Point","coordinates":[80.01181946242063,12.847031457014307]},"id":"725","properties":{"lst":37.15149083000003}},{"type":"Feature","geometry":{"geodesic":false,"type":"Point","coordinates":[80.01406525063094,12.847031457014307]},"id":"726","properties":{"lst":37.7616074}},{"type":"Feature","geometry":{"geodesic":false,"type":"Point","coordinates":[80.01631103884124,12.847031457014307]},"id":"727","properties":{"lst":37.935926420000044}},{"type":"Feature","geometry":{"geodesic":false,"type":"Point","coordinates":[80.01855682705153,12.847031457014307]},"id":"728","properties":{"lst":37.741099280000014}},{"type":"Feature","geometry":{"geodesic":false,"type":"Point","coordinates":[80.02080261526183,12.847031457014307]},"id":"729","properties":{"lst":36.985716860000025}},{"type":"Feature","geometry":{"geodesic":false,"type":"Point","coordinates":[80.02304840347213,12.847031457014307]},"id":"730","properties":{"lst":36.74987348000002}},{"type":"Feature","geometry":{"geodesic":false,"type":"Point","coordinates":[80.02529419168242,12.847031457014307]},"id":"731","properties":{"lst":36.00987215000001}},{"type":"Feature","geometry":{"geodesic":false,"type":"Point","coordinates":[80.02753997989272,12.847031457014307]},"id":"732","properties":{"lst":37.55310818000001}},{"type":"Feature","geometry":{"geodesic":false,"type":"Point","coordinates":[80.02978576810303,12.847031457014307]},"id":"733","properties":{"lst":37.715464130000015}},{"type":"Feature","geometry":{"geodesic":false,"type":"Point","coordinates":[80.03203155631333,12.847031457014307]},"id":"734","properties":{"lst":38.56142408000005}},{"type":"Feature","geometry":{"geodesic":false,"type":"Point","coordinates":[80.03427734452362,12.847031457014307]},"id":"735","properties":{"lst":37.41980540000003}},{"type":"Feature","geometry":{"geodesic":false,"type":"Point","coordinates":[80.03652313273392,12.847031457014307]},"id":"736","properties":{"lst":38.08973732000004}},{"type":"Feature","geometry":{"geodesic":false,"type":"Point","coordinates":[80.03876892094422,12.847031457014307]},"id":"737","properties":{"lst":37.503546890000024}},{"type":"Feature","geometry":{"geodesic":false,"type":"Point","coordinates":[80.04101470915452,12.847031457014307]},"id":"738","properties":{"lst":35.611672820000024}},{"type":"Feature","geometry":{"geodesic":false,"type":"Point","coordinates":[80.04326049736481,12.847031457014307]},"id":"739","properties":{"lst":36.84216002000005}},{"type":"Feature","geometry":{"geodesic":false,"type":"Point","coordinates":[80.04550628557512,12.847031457014307]},"id":"740","properties":{"lst":37.036987160000024}},{"type":"Feature","geometry":{"geodesic":false,"type":"Point","coordinates":[80.04775207378542,12.847031457014307]},"id":"741","properties":{"lst":34.78109396000002}},{"type":"Feature","geometry":{"geodesic":false,"type":"Point","coordinates":[80.04999786199572,12.847031457014307]},"id":"742","properties":{"lst":36.90197537}},{"type":"Feature","geometry":{"geodesic":false,"type":"Point","coordinates":[80.05224365020601,12.847031457014307]},"id":"743","properties":{"lst":36.77892665000002}},{"type":"Feature","geometry":{"geodesic":false,"type":"Point","coordinates":[80.05448943841631,12.847031457014307]},"id":"744","properties":{"lst":34.69906148000001}},{"type":"Feature","geometry":{"geodesic":false,"type":"Point","coordinates":[80.05673522662661,12.847031457014307]},"id":"745","properties":{"lst":34.14192422000002}},{"type":"Feature","geometry":{"geodesic":false,"type":"Point","coordinates":[80.0589810148369,12.847031457014307]},"id":"746","properties":{"lst":36.713984270000026}},{"type":"Feature","geometry":{"geodesic":false,"type":"Point","coordinates":[80.0612268030472,12.847031457014307]},"id":"747","properties":{"lst":39.033110840000006}},{"type":"Feature","geometry":{"geodesic":false,"type":"Point","coordinates":[80.06347259125751,12.847031457014307]},"id":"748","properties":{"lst":41.30609414000003}},{"type":"Feature","geometry":{"geodesic":false,"type":"Point","coordinates":[80.06571837946781,12.847031457014307]},"id":"749","properties":{"lst":39.03481985000002}},{"type":"Feature","geometry":{"geodesic":false,"type":"Point","coordinates":[80.0679641676781,12.847031457014307]},"id":"750","properties":{"lst":37.720591160000026}},{"type":"Feature","geometry":{"geodesic":false,"type":"Point","coordinates":[80.0702099558884,12.847031457014307]},"id":"751","properties":{"lst":36.82848794000006}},{"type":"Feature","geometry":{"geodesic":false,"type":"Point","coordinates":[80.0724557440987,12.847031457014307]},"id":"752","properties":{"lst":35.79111887000005}},{"type":"Feature","geometry":{"geodesic":false,"type":"Point","coordinates":[80.074701532309,12.847031457014307]},"id":"753","properties":{"lst":34.56404968999999}},{"type":"Feature","geometry":{"geodesic":false,"type":"Point","coordinates":[80.0769473205193,12.847031457014307]},"id":"754","properties":{"lst":35.871442340000016}},{"type":"Feature","geometry":{"geodesic":false,"type":"Point","coordinates":[80.0791931087296,12.847031457014307]},"id":"755","properties":{"lst":36.52086614000001}},{"type":"Feature","geometry":{"geodesic":false,"type":"Point","coordinates":[80.00059052136913,12.849277245224606]},"id":"756","properties":{"lst":36.88317626000003}},{"type":"Feature","geometry":{"geodesic":false,"type":"Point","coordinates":[80.00283630957944,12.849277245224606]},"id":"757","properties":{"lst":32.58672511999998}},{"type":"Feature","geometry":{"geodesic":false,"type":"Point","coordinates":[80.00508209778974,12.849277245224606]},"id":"758","properties":{"lst":31.397254160000045}},{"type":"Feature","geometry":{"geodesic":false,"type":"Point","coordinates":[80.00732788600004,12.849277245224606]},"id":"759","properties":{"lst":30.99392780000005}},{"type":"Feature","geometry":{"geodesic":false,"type":"Point","coordinates":[80.00957367421033,12.849277245224606]},"id":"760","properties":{"lst":31.14773869999999}},{"type":"Feature","geometry":{"geodesic":false,"type":"Point","coordinates":[80.01181946242063,12.849277245224606]},"id":"761","properties":{"lst":32.73369997999998}},{"type":"Feature","geometry":{"geodesic":false,"type":"Point","coordinates":[80.01406525063094,12.849277245224606]},"id":"762","properties":{"lst":36.527702180000006}},{"type":"Feature","geometry":{"geodesic":false,"type":"Point","coordinates":[80.01631103884124,12.849277245224606]},"id":"763","properties":{"lst":37.79578760000004}},{"type":"Feature","geometry":{"geodesic":false,"type":"Point","coordinates":[80.01855682705153,12.849277245224606]},"id":"764","properties":{"lst":38.882717960000036}},{"type":"Feature","geometry":{"geodesic":false,"type":"Point","coordinates":[80.02080261526183,12.849277245224606]},"id":"765","properties":{"lst":37.89491018000001}},{"type":"Feature","geometry":{"geodesic":false,"type":"Point","coordinates":[80.02304840347213,12.849277245224606]},"id":"766","properties":{"lst":36.99597092000002}},{"type":"Feature","geometry":{"geodesic":false,"type":"Point","coordinates":[80.02529419168242,12.849277245224606]},"id":"767","properties":{"lst":37.94788949000002}},{"type":"Feature","geometry":{"geodesic":false,"type":"Point","coordinates":[80.02753997989272,12.849277245224606]},"id":"768","properties":{"lst":37.915418300000056}},{"type":"Feature","geometry":{"geodesic":false,"type":"Point","coordinates":[80.02978576810303,12.849277245224606]},"id":"769","properties":{"lst":37.92567236000002}},{"type":"Feature","geometry":{"geodesic":false,"type":"Point","coordinates":[80.03203155631333,12.849277245224606]},"id":"770","properties":{"lst":38.38368704000004}},{"type":"Feature","geometry":{"geodesic":false,"type":"Point","coordinates":[80.03427734452362,12.849277245224606]},"id":"771","properties":{"lst":37.54798115000003}},{"type":"Feature","geometry":{"geodesic":false,"type":"Point","coordinates":[80.03652313273392,12.849277245224606]},"id":"772","properties":{"lst":37.011352010000024}},{"type":"Feature","geometry":{"geodesic":false,"type":"Point","coordinates":[80.03876892094422,12.849277245224606]},"id":"773","properties":{"lst":36.459341780000045}},{"type":"Feature","geometry":{"geodesic":false,"type":"Point","coordinates":[80.04101470915452,12.849277245224606]},"id":"774","properties":{"lst":36.09874067000001}},{"type":"Feature","geometry":{"geodesic":false,"type":"Point","coordinates":[80.04326049736481,12.849277245224606]},"id":"775","properties":{"lst":37.78211552000005}},{"type":"Feature","geometry":{"geodesic":false,"type":"Point","coordinates":[80.04550628557512,12.849277245224606]},"id":"776","properties":{"lst":37.00622498000004}},{"type":"Feature","geometry":{"geodesic":false,"type":"Point","coordinates":[80.04775207378542,12.849277245224606]},"id":"777","properties":{"lst":35.645853020000004}},{"type":"Feature","geometry":{"geodesic":false,"type":"Point","coordinates":[80.04999786199572,12.849277245224606]},"id":"778","properties":{"lst":36.89343031999999}},{"type":"Feature","geometry":{"geodesic":false,"type":"Point","coordinates":[80.05224365020601,12.849277245224606]},"id":"779","properties":{"lst":37.23865033999999}},{"type":"Feature","geometry":{"geodesic":false,"type":"Point","coordinates":[80.05448943841631,12.849277245224606]},"id":"780","properties":{"lst":36.35680118000002}},{"type":"Feature","geometry":{"geodesic":false,"type":"Point","coordinates":[80.05673522662661,12.849277245224606]},"id":"781","properties":{"lst":35.26987082000002}},{"type":"Feature","geometry":{"geodesic":false,"type":"Point","coordinates":[80.0589810148369,12.849277245224606]},"id":"782","properties":{"lst":37.21130618000001}},{"type":"Feature","geometry":{"geodesic":false,"type":"Point","coordinates":[80.0612268030472,12.849277245224606]},"id":"783","properties":{"lst":38.95449638000002}},{"type":"Feature","geometry":{"geodesic":false,"type":"Point","coordinates":[80.06347259125751,12.849277245224606]},"id":"784","properties":{"lst":40.86175154}},{"type":"Feature","geometry":{"geodesic":false,"type":"Point","coordinates":[80.06571837946781,12.849277245224606]},"id":"785","properties":{"lst":40.246507940000015}},{"type":"Feature","geometry":{"geodesic":false,"type":"Point","coordinates":[80.0679641676781,12.849277245224606]},"id":"786","properties":{"lst":37.84705790000004}},{"type":"Feature","geometry":{"geodesic":false,"type":"Point","coordinates":[80.0702099558884,12.849277245224606]},"id":"787","properties":{"lst":36.765254570000025}},{"type":"Feature","geometry":{"geodesic":false,"type":"Point","coordinates":[80.0724557440987,12.849277245224606]},"id":"788","properties":{"lst":36.23546147000002}},{"type":"Feature","geometry":{"geodesic":false,"type":"Point","coordinates":[80.074701532309,12.849277245224606]},"id":"789","properties":{"lst":35.32797715999999}},{"type":"Feature","geometry":{"geodesic":false,"type":"Point","coordinates":[80.0769473205193,12.849277245224606]},"id":"790","properties":{"lst":35.512550239999996}},{"type":"Feature","geometry":{"geodesic":false,"type":"Point","coordinates":[80.0791931087296,12.849277245224606]},"id":"791","properties":{"lst":35.04428150000001}},{"type":"Feature","geometry":{"geodesic":false,"type":"Point","coordinates":[80.00059052136913,12.851523033434905]},"id":"792","properties":{"lst":38.28456446000001}},{"type":"Feature","geometry":{"geodesic":false,"type":"Point","coordinates":[80.00283630957944,12.851523033434905]},"id":"793","properties":{"lst":35.39291953999998}},{"type":"Feature","geometry":{"geodesic":false,"type":"Point","coordinates":[80.00508209778974,12.851523033434905]},"id":"794","properties":{"lst":34.61361098000003}},{"type":"Feature","geometry":{"geodesic":false,"type":"Point","coordinates":[80.00732788600004,12.851523033434905]},"id":"795","properties":{"lst":33.205386739999994}},{"type":"Feature","geometry":{"geodesic":false,"type":"Point","coordinates":[80.00957367421033,12.851523033434905]},"id":"796","properties":{"lst":32.67217562000002}},{"type":"Feature","geometry":{"geodesic":false,"type":"Point","coordinates":[80.01181946242063,12.851523033434905]},"id":"797","properties":{"lst":34.22737472000006}},{"type":"Feature","geometry":{"geodesic":false,"type":"Point","coordinates":[80.01406525063094,12.851523033434905]},"id":"798","properties":{"lst":35.80479095000001}},{"type":"Feature","geometry":{"geodesic":false,"type":"Point","coordinates":[80.01631103884124,12.851523033434905]},"id":"799","properties":{"lst":37.48474778000002}},{"type":"Feature","geometry":{"geodesic":false,"type":"Point","coordinates":[80.01855682705153,12.851523033434905]},"id":"800","properties":{"lst":40.34904854000004}},{"type":"Feature","geometry":{"geodesic":false,"type":"Point","coordinates":[80.02080261526183,12.851523033434905]},"id":"801","properties":{"lst":39.37491284000001}},{"type":"Feature","geometry":{"geodesic":false,"type":"Point","coordinates":[80.02304840347213,12.851523033434905]},"id":"802","properties":{"lst":39.23819204000006}},{"type":"Feature","geometry":{"geodesic":false,"type":"Point","coordinates":[80.02529419168242,12.851523033434905]},"id":"803","properties":{"lst":38.778468350000026}},{"type":"Feature","geometry":{"geodesic":false,"type":"Point","coordinates":[80.02753997989272,12.851523033434905]},"id":"804","properties":{"lst":38.099991380000006}},{"type":"Feature","geometry":{"geodesic":false,"type":"Point","coordinates":[80.02978576810303,12.851523033434905]},"id":"805","properties":{"lst":37.10534756000001}},{"type":"Feature","geometry":{"geodesic":false,"type":"Point","coordinates":[80.03203155631333,12.851523033434905]},"id":"806","properties":{"lst":37.09167547999999}},{"type":"Feature","geometry":{"geodesic":false,"type":"Point","coordinates":[80.03427734452362,12.851523033434905]},"id":"807","properties":{"lst":34.856290400000034}},{"type":"Feature","geometry":{"geodesic":false,"type":"Point","coordinates":[80.03652313273392,12.851523033434905]},"id":"808","properties":{"lst":35.24594467999998}},{"type":"Feature","geometry":{"geodesic":false,"type":"Point","coordinates":[80.03876892094422,12.851523033434905]},"id":"809","properties":{"lst":36.66784100000001}},{"type":"Feature","geometry":{"geodesic":false,"type":"Point","coordinates":[80.04101470915452,12.851523033434905]},"id":"810","properties":{"lst":38.117081480000024}},{"type":"Feature","geometry":{"geodesic":false,"type":"Point","coordinates":[80.04326049736481,12.851523033434905]},"id":"811","properties":{"lst":38.212786040000026}},{"type":"Feature","geometry":{"geodesic":false,"type":"Point","coordinates":[80.04550628557512,12.851523033434905]},"id":"812","properties":{"lst":38.000868800000006}},{"type":"Feature","geometry":{"geodesic":false,"type":"Point","coordinates":[80.04775207378542,12.851523033434905]},"id":"813","properties":{"lst":37.235232319999994}},{"type":"Feature","geometry":{"geodesic":false,"type":"Point","coordinates":[80.04999786199572,12.851523033434905]},"id":"814","properties":{"lst":37.033569140000026}},{"type":"Feature","geometry":{"geodesic":false,"type":"Point","coordinates":[80.05224365020601,12.851523033434905]},"id":"815","properties":{"lst":36.864377149999996}},{"type":"Feature","geometry":{"geodesic":false,"type":"Point","coordinates":[80.05448943841631,12.851523033434905]},"id":"816","properties":{"lst":37.050659240000016}},{"type":"Feature","geometry":{"geodesic":false,"type":"Point","coordinates":[80.05673522662661,12.851523033434905]},"id":"817","properties":{"lst":35.14682210000001}},{"type":"Feature","geometry":{"geodesic":false,"type":"Point","coordinates":[80.0589810148369,12.851523033434905]},"id":"818","properties":{"lst":35.14682210000001}},{"type":"Feature","geometry":{"geodesic":false,"type":"Point","coordinates":[80.0612268030472,12.851523033434905]},"id":"819","properties":{"lst":37.41467837000002}},{"type":"Feature","geometry":{"geodesic":false,"type":"Point","coordinates":[80.06347259125751,12.851523033434905]},"id":"820","properties":{"lst":39.24161006000003}},{"type":"Feature","geometry":{"geodesic":false,"type":"Point","coordinates":[80.06571837946781,12.851523033434905]},"id":"821","properties":{"lst":40.48576934000005}},{"type":"Feature","geometry":{"geodesic":false,"type":"Point","coordinates":[80.0679641676781,12.851523033434905]},"id":"822","properties":{"lst":38.89297202}},{"type":"Feature","geometry":{"geodesic":false,"type":"Point","coordinates":[80.0702099558884,12.851523033434905]},"id":"823","properties":{"lst":37.50183788000004}},{"type":"Feature","geometry":{"geodesic":false,"type":"Point","coordinates":[80.0724557440987,12.851523033434905]},"id":"824","properties":{"lst":36.199572260000025}},{"type":"Feature","geometry":{"geodesic":false,"type":"Point","coordinates":[80.074701532309,12.851523033434905]},"id":"825","properties":{"lst":35.09555180000001}},{"type":"Feature","geometry":{"geodesic":false,"type":"Point","coordinates":[80.0769473205193,12.851523033434905]},"id":"826","properties":{"lst":36.86266813999998}},{"type":"Feature","geometry":{"geodesic":false,"type":"Point","coordinates":[80.0791931087296,12.851523033434905]},"id":"827","properties":{"lst":36.21324434000002}},{"type":"Feature","geometry":{"geodesic":false,"type":"Point","coordinates":[80.00059052136913,12.853768821645204]},"id":"828","properties":{"lst":39.58683008000003}},{"type":"Feature","geometry":{"geodesic":false,"type":"Point","coordinates":[80.00283630957944,12.853768821645204]},"id":"829","properties":{"lst":36.24400652000003}},{"type":"Feature","geometry":{"geodesic":false,"type":"Point","coordinates":[80.00508209778974,12.853768821645204]},"id":"830","properties":{"lst":36.02012621000003}},{"type":"Feature","geometry":{"geodesic":false,"type":"Point","coordinates":[80.00732788600004,12.853768821645204]},"id":"831","properties":{"lst":35.07504368000002}},{"type":"Feature","geometry":{"geodesic":false,"type":"Point","coordinates":[80.00957367421033,12.853768821645204]},"id":"832","properties":{"lst":34.62044702000003}},{"type":"Feature","geometry":{"geodesic":false,"type":"Point","coordinates":[80.01181946242063,12.853768821645204]},"id":"833","properties":{"lst":34.11799808000001}},{"type":"Feature","geometry":{"geodesic":false,"type":"Point","coordinates":[80.01406525063094,12.853768821645204]},"id":"834","properties":{"lst":35.815045010000034}},{"type":"Feature","geometry":{"geodesic":false,"type":"Point","coordinates":[80.01631103884124,12.853768821645204]},"id":"835","properties":{"lst":38.04530306000001}},{"type":"Feature","geometry":{"geodesic":false,"type":"Point","coordinates":[80.01855682705153,12.853768821645204]},"id":"836","properties":{"lst":41.776071890000026}},{"type":"Feature","geometry":{"geodesic":false,"type":"Point","coordinates":[80.02080261526183,12.853768821645204]},"id":"837","properties":{"lst":40.913021840000056}},{"type":"Feature","geometry":{"geodesic":false,"type":"Point","coordinates":[80.02304840347213,12.853768821645204]},"id":"838","properties":{"lst":40.52336756}},{"type":"Feature","geometry":{"geodesic":false,"type":"Point","coordinates":[80.02529419168242,12.853768821645204]},"id":"839","properties":{"lst":39.715005830000024}},{"type":"Feature","geometry":{"geodesic":false,"type":"Point","coordinates":[80.02753997989272,12.853768821645204]},"id":"840","properties":{"lst":38.58193220000004}},{"type":"Feature","geometry":{"geodesic":false,"type":"Point","coordinates":[80.02978576810303,12.853768821645204]},"id":"841","properties":{"lst":38.46059249000001}},{"type":"Feature","geometry":{"geodesic":false,"type":"Point","coordinates":[80.03203155631333,12.853768821645204]},"id":"842","properties":{"lst":37.58045234000002}},{"type":"Feature","geometry":{"geodesic":false,"type":"Point","coordinates":[80.03427734452362,12.853768821645204]},"id":"843","properties":{"lst":37.72400918000005}},{"type":"Feature","geometry":{"geodesic":false,"type":"Point","coordinates":[80.03652313273392,12.853768821645204]},"id":"844","properties":{"lst":36.312366920000045}},{"type":"Feature","geometry":{"geodesic":false,"type":"Point","coordinates":[80.03876892094422,12.853768821645204]},"id":"845","properties":{"lst":38.47084655000003}},{"type":"Feature","geometry":{"geodesic":false,"type":"Point","coordinates":[80.04101470915452,12.853768821645204]},"id":"846","properties":{"lst":38.320453670000035}},{"type":"Feature","geometry":{"geodesic":false,"type":"Point","coordinates":[80.04326049736481,12.853768821645204]},"id":"847","properties":{"lst":38.622948440000016}},{"type":"Feature","geometry":{"geodesic":false,"type":"Point","coordinates":[80.04550628557512,12.853768821645204]},"id":"848","properties":{"lst":37.746226310000054}},{"type":"Feature","geometry":{"geodesic":false,"type":"Point","coordinates":[80.04775207378542,12.853768821645204]},"id":"849","properties":{"lst":37.08142142000003}},{"type":"Feature","geometry":{"geodesic":false,"type":"Point","coordinates":[80.04999786199572,12.853768821645204]},"id":"850","properties":{"lst":36.77721764}},{"type":"Feature","geometry":{"geodesic":false,"type":"Point","coordinates":[80.05224365020601,12.853768821645204]},"id":"851","properties":{"lst":36.77209061000002}},{"type":"Feature","geometry":{"geodesic":false,"type":"Point","coordinates":[80.05448943841631,12.853768821645204]},"id":"852","properties":{"lst":37.033569140000054}},{"type":"Feature","geometry":{"geodesic":false,"type":"Point","coordinates":[80.05673522662661,12.853768821645204]},"id":"853","properties":{"lst":36.47301386000004}},{"type":"Feature","geometry":{"geodesic":false,"type":"Point","coordinates":[80.0589810148369,12.853768821645204]},"id":"854","properties":{"lst":35.98594601000002}},{"type":"Feature","geometry":{"geodesic":false,"type":"Point","coordinates":[80.0612268030472,12.853768821645204]},"id":"855","properties":{"lst":37.149781820000044}},{"type":"Feature","geometry":{"geodesic":false,"type":"Point","coordinates":[80.06347259125751,12.853768821645204]},"id":"856","properties":{"lst":38.212786040000026}},{"type":"Feature","geometry":{"geodesic":false,"type":"Point","coordinates":[80.06571837946781,12.853768821645204]},"id":"857","properties":{"lst":38.85366479000004}},{"type":"Feature","geometry":{"geodesic":false,"type":"Point","coordinates":[80.0679641676781,12.853768821645204]},"id":"858","properties":{"lst":38.45546546000003}},{"type":"Feature","geometry":{"geodesic":false,"type":"Point","coordinates":[80.0702099558884,12.853768821645204]},"id":"859","properties":{"lst":36.47984989999998}},{"type":"Feature","geometry":{"geodesic":false,"type":"Point","coordinates":[80.0724557440987,12.853768821645204]},"id":"860","properties":{"lst":33.87702767000002}},{"type":"Feature","geometry":{"geodesic":false,"type":"Point","coordinates":[80.074701532309,12.853768821645204]},"id":"861","properties":{"lst":35.01693734}},{"type":"Feature","geometry":{"geodesic":false,"type":"Point","coordinates":[80.0769473205193,12.853768821645204]},"id":"862","properties":{"lst":38.035049000000015}},{"type":"Feature","geometry":{"geodesic":false,"type":"Point","coordinates":[80.0791931087296,12.853768821645204]},"id":"863","properties":{"lst":37.327518860000055}},{"type":"Feature","geometry":{"geodesic":false,"type":"Point","coordinates":[80.00059052136913,12.856014609855503]},"id":"864","properties":{"lst":39.602211170000004}},{"type":"Feature","geometry":{"geodesic":false,"type":"Point","coordinates":[80.00283630957944,12.856014609855503]},"id":"865","properties":{"lst":37.771861460000025}},{"type":"Feature","geometry":{"geodesic":false,"type":"Point","coordinates":[80.00508209778974,12.856014609855503]},"id":"866","properties":{"lst":35.832135110000024}},{"type":"Feature","geometry":{"geodesic":false,"type":"Point","coordinates":[80.00732788600004,12.856014609855503]},"id":"867","properties":{"lst":36.21666236000004}},{"type":"Feature","geometry":{"geodesic":false,"type":"Point","coordinates":[80.00957367421033,12.856014609855503]},"id":"868","properties":{"lst":37.45056757999998}},{"type":"Feature","geometry":{"geodesic":false,"type":"Point","coordinates":[80.01181946242063,12.856014609855503]},"id":"869","properties":{"lst":36.49181297000001}},{"type":"Feature","geometry":{"geodesic":false,"type":"Point","coordinates":[80.01406525063094,12.856014609855503]},"id":"870","properties":{"lst":35.52280430000002}},{"type":"Feature","geometry":{"geodesic":false,"type":"Point","coordinates":[80.01631103884124,12.856014609855503]},"id":"871","properties":{"lst":36.748164470000006}},{"type":"Feature","geometry":{"geodesic":false,"type":"Point","coordinates":[80.01855682705153,12.856014609855503]},"id":"872","properties":{"lst":39.18521273000002}},{"type":"Feature","geometry":{"geodesic":false,"type":"Point","coordinates":[80.02080261526183,12.856014609855503]},"id":"873","properties":{"lst":39.48087146}},{"type":"Feature","geometry":{"geodesic":false,"type":"Point","coordinates":[80.02304840347213,12.856014609855503]},"id":"874","properties":{"lst":41.82050615}},{"type":"Feature","geometry":{"geodesic":false,"type":"Point","coordinates":[80.02529419168242,12.856014609855503]},"id":"875","properties":{"lst":41.118103039999994}},{"type":"Feature","geometry":{"geodesic":false,"type":"Point","coordinates":[80.02753997989272,12.856014609855503]},"id":"876","properties":{"lst":40.198655659999986}},{"type":"Feature","geometry":{"geodesic":false,"type":"Point","coordinates":[80.02978576810303,12.856014609855503]},"id":"877","properties":{"lst":38.02137692000002}},{"type":"Feature","geometry":{"geodesic":false,"type":"Point","coordinates":[80.03203155631333,12.856014609855503]},"id":"878","properties":{"lst":35.20151041999998}},{"type":"Feature","geometry":{"geodesic":false,"type":"Point","coordinates":[80.03427734452362,12.856014609855503]},"id":"879","properties":{"lst":37.99745078000001}},{"type":"Feature","geometry":{"geodesic":false,"type":"Point","coordinates":[80.03652313273392,12.856014609855503]},"id":"880","properties":{"lst":39.02969282000001}},{"type":"Feature","geometry":{"geodesic":false,"type":"Point","coordinates":[80.03876892094422,12.856014609855503]},"id":"881","properties":{"lst":39.132233420000034}},{"type":"Feature","geometry":{"geodesic":false,"type":"Point","coordinates":[80.04101470915452,12.856014609855503]},"id":"882","properties":{"lst":38.26063832}},{"type":"Feature","geometry":{"geodesic":false,"type":"Point","coordinates":[80.04326049736481,12.856014609855503]},"id":"883","properties":{"lst":38.23158515}},{"type":"Feature","geometry":{"geodesic":false,"type":"Point","coordinates":[80.04550628557512,12.856014609855503]},"id":"884","properties":{"lst":37.95130751000005}},{"type":"Feature","geometry":{"geodesic":false,"type":"Point","coordinates":[80.04775207378542,12.856014609855503]},"id":"885","properties":{"lst":36.907102399999985}},{"type":"Feature","geometry":{"geodesic":false,"type":"Point","coordinates":[80.04999786199572,12.856014609855503]},"id":"886","properties":{"lst":37.09167548000005}},{"type":"Feature","geometry":{"geodesic":false,"type":"Point","coordinates":[80.05224365020601,12.856014609855503]},"id":"887","properties":{"lst":37.474493720000055}},{"type":"Feature","geometry":{"geodesic":false,"type":"Point","coordinates":[80.05448943841631,12.856014609855503]},"id":"888","properties":{"lst":37.57019828}},{"type":"Feature","geometry":{"geodesic":false,"type":"Point","coordinates":[80.05673522662661,12.856014609855503]},"id":"889","properties":{"lst":37.08142142000003}},{"type":"Feature","geometry":{"geodesic":false,"type":"Point","coordinates":[80.0589810148369,12.856014609855503]},"id":"890","properties":{"lst":36.821651900000006}},{"type":"Feature","geometry":{"geodesic":false,"type":"Point","coordinates":[80.0612268030472,12.856014609855503]},"id":"891","properties":{"lst":36.471304850000024}},{"type":"Feature","geometry":{"geodesic":false,"type":"Point","coordinates":[80.06347259125751,12.856014609855503]},"id":"892","properties":{"lst":36.821651900000006}},{"type":"Feature","geometry":{"geodesic":false,"type":"Point","coordinates":[80.06571837946781,12.856014609855503]},"id":"893","properties":{"lst":37.580452339999994}},{"type":"Feature","geometry":{"geodesic":false,"type":"Point","coordinates":[80.0679641676781,12.856014609855503]},"id":"894","properties":{"lst":39.24161006000003}},{"type":"Feature","geometry":{"geodesic":false,"type":"Point","coordinates":[80.0702099558884,12.856014609855503]},"id":"895","properties":{"lst":36.62169773000002}},{"type":"Feature","geometry":{"geodesic":false,"type":"Point","coordinates":[80.0724557440987,12.856014609855503]},"id":"896","properties":{"lst":34.242755810000034}},{"type":"Feature","geometry":{"geodesic":false,"type":"Point","coordinates":[80.074701532309,12.856014609855503]},"id":"897","properties":{"lst":36.69860318000002}},{"type":"Feature","geometry":{"geodesic":false,"type":"Point","coordinates":[80.0769473205193,12.856014609855503]},"id":"898","properties":{"lst":37.20959717000002}},{"type":"Feature","geometry":{"geodesic":false,"type":"Point","coordinates":[80.0791931087296,12.856014609855503]},"id":"899","properties":{"lst":35.150240120000035}},{"type":"Feature","geometry":{"geodesic":false,"type":"Point","coordinates":[80.00059052136913,12.858260398065802]},"id":"900","properties":{"lst":38.795558450000016}},{"type":"Feature","geometry":{"geodesic":false,"type":"Point","coordinates":[80.00283630957944,12.858260398065802]},"id":"901","properties":{"lst":34.35725948000004}},{"type":"Feature","geometry":{"geodesic":false,"type":"Point","coordinates":[80.00508209778974,12.858260398065802]},"id":"902","properties":{"lst":33.880445690000045}},{"type":"Feature","geometry":{"geodesic":false,"type":"Point","coordinates":[80.00732788600004,12.858260398065802]},"id":"903","properties":{"lst":33.75226994000002}},{"type":"Feature","geometry":{"geodesic":false,"type":"Point","coordinates":[80.00957367421033,12.858260398065802]},"id":"904","properties":{"lst":34.946867930000025}},{"type":"Feature","geometry":{"geodesic":false,"type":"Point","coordinates":[80.01181946242063,12.858260398065802]},"id":"905","properties":{"lst":35.97740096000001}},{"type":"Feature","geometry":{"geodesic":false,"type":"Point","coordinates":[80.01406525063094,12.858260398065802]},"id":"906","properties":{"lst":37.235232319999994}},{"type":"Feature","geometry":{"geodesic":false,"type":"Point","coordinates":[80.01631103884124,12.858260398065802]},"id":"907","properties":{"lst":38.37001496000005}},{"type":"Feature","geometry":{"geodesic":false,"type":"Point","coordinates":[80.01855682705153,12.858260398065802]},"id":"908","properties":{"lst":39.84318158000002}},{"type":"Feature","geometry":{"geodesic":false,"type":"Point","coordinates":[80.02080261526183,12.858260398065802]},"id":"909","properties":{"lst":39.96964832000003}},{"type":"Feature","geometry":{"geodesic":false,"type":"Point","coordinates":[80.02304840347213,12.858260398065802]},"id":"910","properties":{"lst":39.750895040000046}},{"type":"Feature","geometry":{"geodesic":false,"type":"Point","coordinates":[80.02529419168242,12.858260398065802]},"id":"911","properties":{"lst":41.391544640000006}},{"type":"Feature","geometry":{"geodesic":false,"type":"Point","coordinates":[80.02753997989272,12.858260398065802]},"id":"912","properties":{"lst":39.45010927999999}},{"type":"Feature","geometry":{"geodesic":false,"type":"Point","coordinates":[80.02978576810303,12.858260398065802]},"id":"913","properties":{"lst":37.956434540000004}},{"type":"Feature","geometry":{"geodesic":false,"type":"Point","coordinates":[80.03203155631333,12.858260398065802]},"id":"914","properties":{"lst":38.21107703000001}},{"type":"Feature","geometry":{"geodesic":false,"type":"Point","coordinates":[80.03427734452362,12.858260398065802]},"id":"915","properties":{"lst":39.327060560000035}},{"type":"Feature","geometry":{"geodesic":false,"type":"Point","coordinates":[80.03652313273392,12.858260398065802]},"id":"916","properties":{"lst":38.97158648000004}},{"type":"Feature","geometry":{"geodesic":false,"type":"Point","coordinates":[80.03876892094422,12.858260398065802]},"id":"917","properties":{"lst":37.82142275000001}},{"type":"Feature","geometry":{"geodesic":false,"type":"Point","coordinates":[80.04101470915452,12.858260398065802]},"id":"918","properties":{"lst":37.759898390000046}},{"type":"Feature","geometry":{"geodesic":false,"type":"Point","coordinates":[80.04326049736481,12.858260398065802]},"id":"919","properties":{"lst":37.62830462000005}},{"type":"Feature","geometry":{"geodesic":false,"type":"Point","coordinates":[80.04550628557512,12.858260398065802]},"id":"920","properties":{"lst":37.573616300000026}},{"type":"Feature","geometry":{"geodesic":false,"type":"Point","coordinates":[80.04775207378542,12.858260398065802]},"id":"921","properties":{"lst":37.32068282000003}},{"type":"Feature","geometry":{"geodesic":false,"type":"Point","coordinates":[80.04999786199572,12.858260398065802]},"id":"922","properties":{"lst":37.460821640000006}},{"type":"Feature","geometry":{"geodesic":false,"type":"Point","coordinates":[80.05224365020601,12.858260398065802]},"id":"923","properties":{"lst":36.208117310000006}},{"type":"Feature","geometry":{"geodesic":false,"type":"Point","coordinates":[80.05448943841631,12.858260398065802]},"id":"924","properties":{"lst":36.44908772000002}},{"type":"Feature","geometry":{"geodesic":false,"type":"Point","coordinates":[80.05673522662661,12.858260398065802]},"id":"925","properties":{"lst":36.28844078000003}},{"type":"Feature","geometry":{"geodesic":false,"type":"Point","coordinates":[80.0589810148369,12.858260398065802]},"id":"926","properties":{"lst":36.09361364}},{"type":"Feature","geometry":{"geodesic":false,"type":"Point","coordinates":[80.0612268030472,12.858260398065802]},"id":"927","properties":{"lst":36.66784100000001}},{"type":"Feature","geometry":{"geodesic":false,"type":"Point","coordinates":[80.06347259125751,12.858260398065802]},"id":"928","properties":{"lst":35.52622231999999}},{"type":"Feature","geometry":{"geodesic":false,"type":"Point","coordinates":[80.06571837946781,12.858260398065802]},"id":"929","properties":{"lst":37.768443440000055}},{"type":"Feature","geometry":{"geodesic":false,"type":"Point","coordinates":[80.0679641676781,12.858260398065802]},"id":"930","properties":{"lst":39.63468236000003}},{"type":"Feature","geometry":{"geodesic":false,"type":"Point","coordinates":[80.0702099558884,12.858260398065802]},"id":"931","properties":{"lst":40.10978713999998}},{"type":"Feature","geometry":{"geodesic":false,"type":"Point","coordinates":[80.0724557440987,12.858260398065802]},"id":"932","properties":{"lst":36.63024278}},{"type":"Feature","geometry":{"geodesic":false,"type":"Point","coordinates":[80.074701532309,12.858260398065802]},"id":"933","properties":{"lst":39.35953175000003}},{"type":"Feature","geometry":{"geodesic":false,"type":"Point","coordinates":[80.0769473205193,12.858260398065802]},"id":"934","properties":{"lst":40.02091862000003}},{"type":"Feature","geometry":{"geodesic":false,"type":"Point","coordinates":[80.0791931087296,12.858260398065802]},"id":"935","properties":{"lst":38.933988260000035}}]}