{"type":"FeatureCollection","features":[{"type":"Feature","geometry":{"geodesic":false,"type":"Point","coordinates":[80.00059052136913,12.802115692808332]},"id":"0","properties":{"ndvi":0.44966184402020365}},{"type":"Feature","geometry":{"geodesic":false,"type":"Point","coordinates":[80.00283630957944,12.802115692808332]},"id":"1","properties":{"ndvi":0.5587072976643418}},{"type":"Feature","geometry":{"geodesic":false,"type":"Point","coordinates":[80.00508209778974,12.802115692808332]},"id":"2","properties":{"ndvi":0.6030519495386589}},{"type":"Feature","geometry":{"geodesic":false,"type":"Point","coordinates":[80.00732788600004,12.802115692808332]},"id":"3","properties":{"ndvi":0.4850320817496879}},{"type":"Feature","geometry":{"geodesic":false,"type":"Point","coordinates":[80.00957367421033,12.802115692808332]},"id":"4","properties":{"ndvi":0.6027179413040334}},{"type":"Feature","geometry":{"geodesic":false,"type":"Point","coordinates":[80.01181946242063,12.802115692808332]},"id":"5","properties":{"ndvi":0.6356925232008405}},{"type":"Feature","geometry":{"geodesic":false,"type":"Point","coordinates":[80.01406525063094,12.802115692808332]},"id":"6","properties":{"ndvi":0.6995649944590548}},{"type":"Feature","geometry":{"geodesic":false,"type":"Point","coordinates":[80.01631103884124,12.802115692808332]},"id":"7","properties":{"ndvi":0.6488915604010008}},{"type":"Feature","geometry":{"geodesic":false,"type":"Point","coordinates":[80.01855682705153,12.802115692808332]},"id":"8","properties":{"ndvi":0.6967053109105072}},{"type":"Feature","geometry":{"geodesic":false,"type":"Point","coordinates":[80.02080261526183,12.802115692808332]},"id":"9","properties":{"ndvi":0.7212805143376834}},{"type":"Feature","geometry":{"geodesic":false,"type":"Point","coordinates":[80.02304840347213,12.802115692808332]},"id":"10","properties":{"ndvi":0.6801060545708025}},{"type":"Feature","geometry":{"geodesic":false,"type":"Point","coordinates":[80.02529419168242,12.802115692808332]},"id":"11","properties":{"ndvi":0.5036372327957304}},{"type":"Feature","geometry":{"geodesic":false,"type":"Point","coordinates":[80.02753997989272,12.802115692808332]},"id":"12","properties":{"ndvi":0.3246444113437893}},{"type":"Feature","geometry":{"geodesic":false,"type":"Point","coordinates":[80.02978576810303,12.802115692808332]},"id":"13","properties":{"ndvi":0.40242251163248727}},{"type":"Feature","geometry":{"geodesic":false,"type":"Point","coordinates":[80.03203155631333,12.802115692808332]},"id":"14","properties":{"ndvi":0.4473843634875154}},{"type":"Feature","geometry":{"geodesic":false,"type":"Point","coordinates":[80.03427734452362,12.802115692808332]},"id":"15","properties":{"ndvi":0.480012046664976}},{"type":"Feature","geometry":{"geodesic":false,"type":"Point","coordinates":[80.03652313273392,12.802115692808332]},"id":"16","properties":{"ndvi":0.5569190372242028}},{"type":"Feature","geometry":{"geodesic":false,"type":"Point","coordinates":[80.03876892094422,12.802115692808332]},"id":"17","properties":{"ndvi":0.612269809745033}},{"type":"Feature","geometry":{"geodesic":false,"type":"Point","coordinates":[80.04101470915452,12.802115692808332]},"id":"18","properties":{"ndvi":0.5612660534936539}},{"type":"Feature","geometry":{"geodesic":false,"type":"Point","coordinates":[80.04326049736481,12.802115692808332]},"id":"19","properties":{"ndvi":0.5286594115180896}},{"type":"Feature","geometry":{"geodesic":false,"type":"Point","coordinates":[80.04550628557512,12.802115692808332]},"id":"20","properties":{"ndvi":0.6691842284556303}},{"type":"Feature","geometry":{"geodesic":false,"type":"Point","coordinates":[80.04775207378542,12.802115692808332]},"id":"21","properties":{"ndvi":0.6538308142973058}},{"type":"Feature","geometry":{"geodesic":false,"type":"Point","coordinates":[80.04999786199572,12.802115692808332]},"id":"22","properties":{"ndvi":0.6615133261568293}},{"type":"Feature","geometry":{"geodesic":false,"type":"Point","coordinates":[80.05224365020601,12.802115692808332]},"id":"23","properties":{"ndvi":0.6476184439656774}},{"type":"Feature","geometry":{"geodesic":false,"type":"Point","coordinates":[80.05448943841631,12.802115692808332]},"id":"24","properties":{"ndvi":0.6159242604753782}},{"type":"Feature","geometry":{"geodesic":false,"type":"Point","coordinates":[80.05673522662661,12.802115692808332]},"id":"25","properties":{"ndvi":0.6074149126491852}},{"type":"Feature","geometry":{"geodesic":false,"type":"Point","coordinates":[80.0589810148369,12.802115692808332]},"id":"26","properties":{"ndvi":0.609715764903421}},{"type":"Feature","geometry":{"geodesic":false,"type":"Point","coordinates":[80.0612268030472,12.802115692808332]},"id":"27","properties":{"ndvi":0.5031719532554255}},{"type":"Feature","geometry":{"geodesic":false,"type":"Point","coordinates":[80.06347259125751,12.802115692808332]},"id":"28","properties":{"ndvi":0.5117197684118153}},{"type":"Feature","geometry":{"geodesic":false,"type":"Point","coordinates":[80.06571837946781,12.802115692808332]},"id":"29","properties":{"ndvi":0.48243879415690444}},{"type":"Feature","geometry":{"geodesic":false,"type":"Point","coordinates":[80.0679641676781,12.802115692808332]},"id":"30","properties":{"ndvi":0.5409522981211183}},{"type":"Feature","geometry":{"geodesic":false,"type":"Point","coordinates":[80.0702099558884,12.802115692808332]},"id":"31","properties":{"ndvi":0.5154677838310007}},{"type":"Feature","geometry":{"geodesic":false,"type":"Point","coordinates":[80.0724557440987,12.802115692808332]},"id":"32","properties":{"ndvi":0.5519199172041188}},{"type":"Feature","geometry":{"geodesic":false,"type":"Point","coordinates":[80.074701532309,12.802115692808332]},"id":"33","properties":{"ndvi":0.5111754451632695}},{"type":"Feature","geometry":{"geodesic":false,"type":"Point","coordinates":[80.0769473205193,12.802115692808332]},"id":"34","properties":{"ndvi":0.4966665343465445}},{"type":"Feature","geometry":{"geodesic":false,"type":"Point","coordinates":[80.0791931087296,12.802115692808332]},"id":"35","properties":{"ndvi":0.51756073999678}},{"type":"Feature","geometry":{"geodesic":false,"type":"Point","coordinates":[80.00059052136913,12.80436148101863]},"id":"36","properties":{"ndvi":0.5013315704976862}},{"type":"Feature","geometry":{"geodesic":false,"type":"Point","coordinates":[80.00283630957944,12.80436148101863]},"id":"37","properties":{"ndvi":0.6393617714503785}},{"type":"Feature","geometry":{"geodesic":false,"type":"Point","coordinates":[80.00508209778974,12.80436148101863]},"id":"38","properties":{"ndvi":0.6771723122238587}},{"type":"Feature","geometry":{"geodesic":false,"type":"Point","coordinates":[80.00732788600004,12.80436148101863]},"id":"39","properties":{"ndvi":0.5360606648051521}},{"type":"Feature","geometry":{"geodesic":false,"type":"Point","coordinates":[80.00957367421033,12.80436148101863]},"id":"40","properties":{"ndvi":0.6203590246293347}},{"type":"Feature","geometry":{"geodesic":false,"type":"Point","coordinates":[80.01181946242063,12.80436148101863]},"id":"41","properties":{"ndvi":0.7335978228794388}},{"type":"Feature","geometry":{"geodesic":false,"type":"Point","coordinates":[80.01406525063094,12.80436148101863]},"id":"42","properties":{"ndvi":0.7376591474244111}},{"type":"Feature","geometry":{"geodesic":false,"type":"Point","coordinates":[80.01631103884124,12.80436148101863]},"id":"43","properties":{"ndvi":0.6842348471234564}},{"type":"Feature","geometry":{"geodesic":false,"type":"Point","coordinates":[80.01855682705153,12.80436148101863]},"id":"44","properties":{"ndvi":0.6829991232386419}},{"type":"Feature","geometry":{"geodesic":false,"type":"Point","coordinates":[80.02080261526183,12.80436148101863]},"id":"45","properties":{"ndvi":0.7042046533970361}},{"type":"Feature","geometry":{"geodesic":false,"type":"Point","coordinates":[80.02304840347213,12.80436148101863]},"id":"46","properties":{"ndvi":0.6870279857258249}},{"type":"Feature","geometry":{"geodesic":false,"type":"Point","coordinates":[80.02529419168242,12.80436148101863]},"id":"47","properties":{"ndvi":0.6183691028537885}},{"type":"Feature","geometry":{"geodesic":false,"type":"Point","coordinates":[80.02753997989272,12.80436148101863]},"id":"48","properties":{"ndvi":0.39540896320899016}},{"type":"Feature","geometry":{"geodesic":false,"type":"Point","coordinates":[80.02978576810303,12.80436148101863]},"id":"49","properties":{"ndvi":0.451419792297232}},{"type":"Feature","geometry":{"geodesic":false,"type":"Point","coordinates":[80.03203155631333,12.80436148101863]},"id":"50","properties":{"ndvi":0.43526741075047964}},{"type":"Feature","geometry":{"geodesic":false,"type":"Point","coordinates":[80.03427734452362,12.80436148101863]},"id":"51","properties":{"ndvi":0.468524447031432}},{"type":"Feature","geometry":{"geodesic":false,"type":"Point","coordinates":[80.03652313273392,12.80436148101863]},"id":"52","properties":{"ndvi":0.5512805205659365}},{"type":"Feature","geometry":{"geodesic":false,"type":"Point","coordinates":[80.03876892094422,12.80436148101863]},"id":"53","properties":{"ndvi":0.6004727038432733}},{"type":"Feature","geometry":{"geodesic":false,"type":"Point","coordinates":[80.04101470915452,12.80436148101863]},"id":"54","properties":{"ndvi":0.5755750529303411}},{"type":"Feature","geometry":{"geodesic":false,"type":"Point","coordinates":[80.04326049736481,12.80436148101863]},"id":"55","properties":{"ndvi":0.6010876125848965}},{"type":"Feature","geometry":{"geodesic":false,"type":"Point","coordinates":[80.04550628557512,12.80436148101863]},"id":"56","properties":{"ndvi":0.6775781210214608}},{"type":"Feature","geometry":{"geodesic":false,"type":"Point","coordinates":[80.04775207378542,12.80436148101863]},"id":"57","properties":{"ndvi":0.6492967774506706}},{"type":"Feature","geometry":{"geodesic":false,"type":"Point","coordinates":[80.04999786199572,12.80436148101863]},"id":"58","properties":{"ndvi":0.6430252872808995}},{"type":"Feature","geometry":{"geodesic":false,"type":"Point","coordinates":[80.05224365020601,12.80436148101863]},"id":"59","properties":{"ndvi":0.6645550138182337}},{"type":"Feature","geometry":{"geodesic":false,"type":"Point","coordinates":[80.05448943841631,12.80436148101863]},"id":"60","properties":{"ndvi":0.6433722235450187}},{"type":"Feature","geometry":{"geodesic":false,"type":"Point","coordinates":[80.05673522662661,12.80436148101863]},"id":"61","properties":{"ndvi":0.6539878469200406}},{"type":"Feature","geometry":{"geodesic":false,"type":"Point","coordinates":[80.0589810148369,12.80436148101863]},"id":"62","properties":{"ndvi":0.6633244816557716}},{"type":"Feature","geometry":{"geodesic":false,"type":"Point","coordinates":[80.0612268030472,12.80436148101863]},"id":"63","properties":{"ndvi":0.5606245267483475}},{"type":"Feature","geometry":{"geodesic":false,"type":"Point","coordinates":[80.06347259125751,12.80436148101863]},"id":"64","properties":{"ndvi":0.5958371140256813}},{"type":"Feature","geometry":{"geodesic":false,"type":"Point","coordinates":[80.06571837946781,12.80436148101863]},"id":"65","properties":{"ndvi":0.6056882477753098}},{"type":"Feature","geometry":{"geodesic":false,"type":"Point","coordinates":[80.0679641676781,12.80436148101863]},"id":"66","properties":{"ndvi":0.5599420725227668}},{"type":"Feature","geometry":{"geodesic":false,"type":"Point","coordinates":[80.0702099558884,12.80436148101863]},"id":"67","properties":{"ndvi":0.5139412746122736}},{"type":"Feature","geometry":{"geodesic":false,"type":"Point","coordinates":[80.0724557440987,12.80436148101863]},"id":"68","properties":{"ndvi":0.5582658490726891}},{"type":"Feature","geometry":{"geodesic":false,"type":"Point","coordinates":[80.074701532309,12.80436148101863]},"id":"69","properties":{"ndvi":0.49879036366998136}},{"type":"Feature","geometry":{"geodesic":false,"type":"Point","coordinates":[80.0769473205193,12.80436148101863]},"id":"70","properties":{"ndvi":0.5440288141312718}},{"type":"Feature","geometry":{"geodesic":false,"type":"Point","coordinates":[80.0791931087296,12.80436148101863]},"id":"71","properties":{"ndvi":0.5118457996339532}},{"type":"Feature","geometry":{"geodesic":false,"type":"Point","coordinates":[80.00059052136913,12.806607269228929]},"id":"72","properties":{"ndvi":0.6674218677260172}},{"type":"Feature","geometry":{"geodesic":false,"type":"Point","coordinates":[80.00283630957944,12.806607269228929]},"id":"73","properties":{"ndvi":0.677705850060604}},{"type":"Feature","geometry":{"geodesic":false,"type":"Point","coordinates":[80.00508209778974,12.806607269228929]},"id":"74","properties":{"ndvi":0.621342065880746}},{"type":"Feature","geometry":{"geodesic":false,"type":"Point","coordinates":[80.00732788600004,12.806607269228929]},"id":"75","properties":{"ndvi":0.5186497802479215}},{"type":"Feature","geometry":{"geodesic":false,"type":"Point","coordinates":[80.00957367421033,12.806607269228929]},"id":"76","properties":{"ndvi":0.6173465080911751}},{"type":"Feature","geometry":{"geodesic":false,"type":"Point","coordinates":[80.01181946242063,12.806607269228929]},"id":"77","properties":{"ndvi":0.6659557501728045}},{"type":"Feature","geometry":{"geodesic":false,"type":"Point","coordinates":[80.01406525063094,12.806607269228929]},"id":"78","properties":{"ndvi":0.7132877871312853}},{"type":"Feature","geometry":{"geodesic":false,"type":"Point","coordinates":[80.01631103884124,12.806607269228929]},"id":"79","properties":{"ndvi":0.6701409166798353}},{"type":"Feature","geometry":{"geodesic":false,"type":"Point","coordinates":[80.01855682705153,12.806607269228929]},"id":"80","properties":{"ndvi":0.7192223116839542}},{"type":"Feature","geometry":{"geodesic":false,"type":"Point","coordinates":[80.02080261526183,12.806607269228929]},"id":"81","properties":{"ndvi":0.705368573419829}},{"type":"Feature","geometry":{"geodesic":false,"type":"Point","coordinates":[80.02304840347213,12.806607269228929]},"id":"82","properties":{"ndvi":0.41501680986178546}},{"type":"Feature","geometry":{"geodesic":false,"type":"Point","coordinates":[80.02529419168242,12.806607269228929]},"id":"83","properties":{"ndvi":0.6363654059525432}},{"type":"Feature","geometry":{"geodesic":false,"type":"Point","coordinates":[80.02753997989272,12.806607269228929]},"id":"84","properties":{"ndvi":0.4082667954098118}},{"type":"Feature","geometry":{"geodesic":false,"type":"Point","coordinates":[80.02978576810303,12.806607269228929]},"id":"85","properties":{"ndvi":0.480209607908865}},{"type":"Feature","geometry":{"geodesic":false,"type":"Point","coordinates":[80.03203155631333,12.806607269228929]},"id":"86","properties":{"ndvi":0.4290972205125681}},{"type":"Feature","geometry":{"geodesic":false,"type":"Point","coordinates":[80.03427734452362,12.806607269228929]},"id":"87","properties":{"ndvi":0.47291150714644126}},{"type":"Feature","geometry":{"geodesic":false,"type":"Point","coordinates":[80.03652313273392,12.806607269228929]},"id":"88","properties":{"ndvi":0.5538422098314426}},{"type":"Feature","geometry":{"geodesic":false,"type":"Point","coordinates":[80.03876892094422,12.806607269228929]},"id":"89","properties":{"ndvi":0.5668804247323053}},{"type":"Feature","geometry":{"geodesic":false,"type":"Point","coordinates":[80.04101470915452,12.806607269228929]},"id":"90","properties":{"ndvi":0.6278792928992322}},{"type":"Feature","geometry":{"geodesic":false,"type":"Point","coordinates":[80.04326049736481,12.806607269228929]},"id":"91","properties":{"ndvi":0.656961446546808}},{"type":"Feature","geometry":{"geodesic":false,"type":"Point","coordinates":[80.04550628557512,12.806607269228929]},"id":"92","properties":{"ndvi":0.6860266115727963}},{"type":"Feature","geometry":{"geodesic":false,"type":"Point","coordinates":[80.04775207378542,12.806607269228929]},"id":"93","properties":{"ndvi":0.5303523612463487}},{"type":"Feature","geometry":{"geodesic":false,"type":"Point","coordinates":[80.04999786199572,12.806607269228929]},"id":"94","properties":{"ndvi":0.5720084786065989}},{"type":"Feature","geometry":{"geodesic":false,"type":"Point","coordinates":[80.05224365020601,12.806607269228929]},"id":"95","properties":{"ndvi":0.6947059279482566}},{"type":"Feature","geometry":{"geodesic":false,"type":"Point","coordinates":[80.05448943841631,12.806607269228929]},"id":"96","properties":{"ndvi":0.6440929408387897}},{"type":"Feature","geometry":{"geodesic":false,"type":"Point","coordinates":[80.05673522662661,12.806607269228929]},"id":"97","properties":{"ndvi":0.5699930618895047}},{"type":"Feature","geometry":{"geodesic":false,"type":"Point","coordinates":[80.0589810148369,12.806607269228929]},"id":"98","properties":{"ndvi":0.6414554406935697}},{"type":"Feature","geometry":{"geodesic":false,"type":"Point","coordinates":[80.0612268030472,12.806607269228929]},"id":"99","properties":{"ndvi":0.6044397540169165}},{"type":"Feature","geometry":{"geodesic":false,"type":"Point","coordinates":[80.06347259125751,12.806607269228929]},"id":"100","properties":{"ndvi":0.638378477306003}},{"type":"Feature","geometry":{"geodesic":false,"type":"Point","coordinates":[80.06571837946781,12.806607269228929]},"id":"101","properties":{"ndvi":0.6070816029893595}},{"type":"Feature","geometry":{"geodesic":false,"type":"Point","coordinates":[80.0679641676781,12.806607269228929]},"id":"102","properties":{"ndvi":0.5716305327057323}},{"type":"Feature","geometry":{"geodesic":false,"type":"Point","coordinates":[80.0702099558884,12.806607269228929]},"id":"103","properties":{"ndvi":0.6016770586970545}},{"type":"Feature","geometry":{"geodesic":false,"type":"Point","coordinates":[80.0724557440987,12.806607269228929]},"id":"104","properties":{"ndvi":0.5109607131066359}},{"type":"Feature","geometry":{"geodesic":false,"type":"Point","coordinates":[80.074701532309,12.806607269228929]},"id":"105","properties":{"ndvi":0.5022343552707896}},{"type":"Feature","geometry":{"geodesic":false,"type":"Point","coordinates":[80.0769473205193,12.806607269228929]},"id":"106","properties":{"ndvi":0.48764149349594793}},{"type":"Feature","geometry":{"geodesic":false,"type":"Point","coordinates":[80.0791931087296,12.806607269228929]},"id":"107","properties":{"ndvi":0.4555676914537412}},{"type":"Feature","geometry":{"geodesic":false,"type":"Point","coordinates":[80.00059052136913,12.808853057439228]},"id":"108","properties":{"ndvi":0.5834221282145072}},{"type":"Feature","geometry":{"geodesic":false,"type":"Point","coordinates":[80.00283630957944,12.808853057439228]},"id":"109","properties":{"ndvi":0.6133864611230866}},{"type":"Feature","geometry":{"geodesic":false,"type":"Point","coordinates":[80.00508209778974,12.808853057439228]},"id":"110","properties":{"ndvi":0.5791587923274265}},{"type":"Feature","geometry":{"geodesic":false,"type":"Point","coordinates":[80.00732788600004,12.808853057439228]},"id":"111","properties":{"ndvi":0.5778177415752788}},{"type":"Feature","geometry":{"geodesic":false,"type":"Point","coordinates":[80.00957367421033,12.808853057439228]},"id":"112","properties":{"ndvi":0.6276891127946775}},{"type":"Feature","geometry":{"geodesic":false,"type":"Point","coordinates":[80.01181946242063,12.808853057439228]},"id":"113","properties":{"ndvi":0.6696134033183286}},{"type":"Feature","geometry":{"geodesic":false,"type":"Point","coordinates":[80.01406525063094,12.808853057439228]},"id":"114","properties":{"ndvi":0.633474879526695}},{"type":"Feature","geometry":{"geodesic":false,"type":"Point","coordinates":[80.01631103884124,12.808853057439228]},"id":"115","properties":{"ndvi":0.600086523902228}},{"type":"Feature","geometry":{"geodesic":false,"type":"Point","coordinates":[80.01855682705153,12.808853057439228]},"id":"116","properties":{"ndvi":0.5570657670661747}},{"type":"Feature","geometry":{"geodesic":false,"type":"Point","coordinates":[80.02080261526183,12.808853057439228]},"id":"117","properties":{"ndvi":0.5706893698788862}},{"type":"Feature","geometry":{"geodesic":false,"type":"Point","coordinates":[80.02304840347213,12.808853057439228]},"id":"118","properties":{"ndvi":0.6454572693291387}},{"type":"Feature","geometry":{"geodesic":false,"type":"Point","coordinates":[80.02529419168242,12.808853057439228]},"id":"119","properties":{"ndvi":0.6249229836383019}},{"type":"Feature","geometry":{"geodesic":false,"type":"Point","coordinates":[80.02753997989272,12.808853057439228]},"id":"120","properties":{"ndvi":0.4620856051912342}},{"type":"Feature","geometry":{"geodesic":false,"type":"Point","coordinates":[80.02978576810303,12.808853057439228]},"id":"121","properties":{"ndvi":0.36122135874023786}},{"type":"Feature","geometry":{"geodesic":false,"type":"Point","coordinates":[80.03203155631333,12.808853057439228]},"id":"122","properties":{"ndvi":0.42002690553891175}},{"type":"Feature","geometry":{"geodesic":false,"type":"Point","coordinates":[80.03427734452362,12.808853057439228]},"id":"123","properties":{"ndvi":0.4842294355399661}},{"type":"Feature","geometry":{"geodesic":false,"type":"Point","coordinates":[80.03652313273392,12.808853057439228]},"id":"124","properties":{"ndvi":0.47104457382801296}},{"type":"Feature","geometry":{"geodesic":false,"type":"Point","coordinates":[80.03876892094422,12.808853057439228]},"id":"125","properties":{"ndvi":0.5801486173997656}},{"type":"Feature","geometry":{"geodesic":false,"type":"Point","coordinates":[80.04101470915452,12.808853057439228]},"id":"126","properties":{"ndvi":0.7014479054779807}},{"type":"Feature","geometry":{"geodesic":false,"type":"Point","coordinates":[80.04326049736481,12.808853057439228]},"id":"127","properties":{"ndvi":0.6102809826934013}},{"type":"Feature","geometry":{"geodesic":false,"type":"Point","coordinates":[80.04550628557512,12.808853057439228]},"id":"128","properties":{"ndvi":0.6065557257096161}},{"type":"Feature","geometry":{"geodesic":false,"type":"Point","coordinates":[80.04775207378542,12.808853057439228]},"id":"129","properties":{"ndvi":0.6289065594247935}},{"type":"Feature","geometry":{"geodesic":false,"type":"Point","coordinates":[80.04999786199572,12.808853057439228]},"id":"130","properties":{"ndvi":0.672726989103899}},{"type":"Feature","geometry":{"geodesic":false,"type":"Point","coordinates":[80.05224365020601,12.808853057439228]},"id":"131","properties":{"ndvi":0.7427285318559557}},{"type":"Feature","geometry":{"geodesic":false,"type":"Point","coordinates":[80.05448943841631,12.808853057439228]},"id":"132","properties":{"ndvi":0.7695317680049583}},{"type":"Feature","geometry":{"geodesic":false,"type":"Point","coordinates":[80.05673522662661,12.808853057439228]},"id":"133","properties":{"ndvi":0.741418014779309}},{"type":"Feature","geometry":{"geodesic":false,"type":"Point","coordinates":[80.0589810148369,12.808853057439228]},"id":"134","properties":{"ndvi":0.6635773790164423}},{"type":"Feature","geometry":{"geodesic":false,"type":"Point","coordinates":[80.0612268030472,12.808853057439228]},"id":"135","properties":{"ndvi":0.5937459540159762}},{"type":"Feature","geometry":{"geodesic":false,"type":"Point","coordinates":[80.06347259125751,12.808853057439228]},"id":"136","properties":{"ndvi":0.5648515664369717}},{"type":"Feature","geometry":{"geodesic":false,"type":"Point","coordinates":[80.06571837946781,12.808853057439228]},"id":"137","properties":{"ndvi":0.6054832096675533}},{"type":"Feature","geometry":{"geodesic":false,"type":"Point","coordinates":[80.0679641676781,12.808853057439228]},"id":"138","properties":{"ndvi":0.5965466185623178}},{"type":"Feature","geometry":{"geodesic":false,"type":"Point","coordinates":[80.0702099558884,12.808853057439228]},"id":"139","properties":{"ndvi":0.5692958083513913}},{"type":"Feature","geometry":{"geodesic":false,"type":"Point","coordinates":[80.0724557440987,12.808853057439228]},"id":"140","properties":{"ndvi":0.5464250623535635}},{"type":"Feature","geometry":{"geodesic":false,"type":"Point","coordinates":[80.074701532309,12.808853057439228]},"id":"141","properties":{"ndvi":0.5609557445075584}},{"type":"Feature","geometry":{"geodesic":false,"type":"Point","coordinates":[80.0769473205193,12.808853057439228]},"id":"142","properties":{"ndvi":0.42155799943176275}},{"type":"Feature","geometry":{"geodesic":false,"type":"Point","coordinates":[80.0791931087296,12.808853057439228]},"id":"143","properties":{"ndvi":0.5290611383645174}},{"type":"Feature","geometry":{"geodesic":false,"type":"Point","coordinates":[80.00059052136913,12.811098845649527]},"id":"144","properties":{"ndvi":0.5055248928047646}},{"type":"Feature","geometry":{"geodesic":false,"type":"Point","coordinates":[80.00283630957944,12.811098845649527]},"id":"145","properties":{"ndvi":0.5701951685943397}},{"type":"Feature","geometry":{"geodesic":false,"type":"Point","coordinates":[80.00508209778974,12.811098845649527]},"id":"146","properties":{"ndvi":0.5649767243151741}},{"type":"Feature","geometry":{"geodesic":false,"type":"Point","coordinates":[80.00732788600004,12.811098845649527]},"id":"147","properties":{"ndvi":0.657176025297628}},{"type":"Feature","geometry":{"geodesic":false,"type":"Point","coordinates":[80.00957367421033,12.811098845649527]},"id":"148","properties":{"ndvi":0.5518996068173527}},{"type":"Feature","geometry":{"geodesic":false,"type":"Point","coordinates":[80.01181946242063,12.811098845649527]},"id":"149","properties":{"ndvi":0.5406965174129352}},{"type":"Feature","geometry":{"geodesic":false,"type":"Point","coordinates":[80.01406525063094,12.811098845649527]},"id":"150","properties":{"ndvi":0.5086525464594254}},{"type":"Feature","geometry":{"geodesic":false,"type":"Point","coordinates":[80.01631103884124,12.811098845649527]},"id":"151","properties":{"ndvi":0.4971851375261381}},{"type":"Feature","geometry":{"geodesic":false,"type":"Point","coordinates":[80.01855682705153,12.811098845649527]},"id":"152","properties":{"ndvi":0.47860390324036045}},{"type":"Feature","geometry":{"geodesic":false,"type":"Point","coordinates":[80.02080261526183,12.811098845649527]},"id":"153","properties":{"ndvi":0.5275327939819069}},{"type":"Feature","geometry":{"geodesic":false,"type":"Point","coordinates":[80.02304840347213,12.811098845649527]},"id":"154","properties":{"ndvi":0.5808852616652365}},{"type":"Feature","geometry":{"geodesic":false,"type":"Point","coordinates":[80.02529419168242,12.811098845649527]},"id":"155","properties":{"ndvi":0.45882219955708314}},{"type":"Feature","geometry":{"geodesic":false,"type":"Point","coordinates":[80.02753997989272,12.811098845649527]},"id":"156","properties":{"ndvi":0.3978758502018699}},{"type":"Feature","geometry":{"geodesic":false,"type":"Point","coordinates":[80.02978576810303,12.811098845649527]},"id":"157","properties":{"ndvi":0.44948149055221825}},{"type":"Feature","geometry":{"geodesic":false,"type":"Point","coordinates":[80.03203155631333,12.811098845649527]},"id":"158","properties":{"ndvi":0.4948349253375528}},{"type":"Feature","geometry":{"geodesic":false,"type":"Point","coordinates":[80.03427734452362,12.811098845649527]},"id":"159","properties":{"ndvi":0.5160905336126029}},{"type":"Feature","geometry":{"geodesic":false,"type":"Point","coordinates":[80.03652313273392,12.811098845649527]},"id":"160","properties":{"ndvi":0.557082714214958}},{"type":"Feature","geometry":{"geodesic":false,"type":"Point","coordinates":[80.03876892094422,12.811098845649527]},"id":"161","properties":{"ndvi":0.6099929633576777}},{"type":"Feature","geometry":{"geodesic":false,"type":"Point","coordinates":[80.04101470915452,12.811098845649527]},"id":"162","properties":{"ndvi":0.7205337259865654}},{"type":"Feature","geometry":{"geodesic":false,"type":"Point","coordinates":[80.04326049736481,12.811098845649527]},"id":"163","properties":{"ndvi":0.7128114086826265}},{"type":"Feature","geometry":{"geodesic":false,"type":"Point","coordinates":[80.04550628557512,12.811098845649527]},"id":"164","properties":{"ndvi":0.6317684856234168}},{"type":"Feature","geometry":{"geodesic":false,"type":"Point","coordinates":[80.04775207378542,12.811098845649527]},"id":"165","properties":{"ndvi":0.5395784429978463}},{"type":"Feature","geometry":{"geodesic":false,"type":"Point","coordinates":[80.04999786199572,12.811098845649527]},"id":"166","properties":{"ndvi":0.6430401828417018}},{"type":"Feature","geometry":{"geodesic":false,"type":"Point","coordinates":[80.05224365020601,12.811098845649527]},"id":"167","properties":{"ndvi":0.6582900727937127}},{"type":"Feature","geometry":{"geodesic":false,"type":"Point","coordinates":[80.05448943841631,12.811098845649527]},"id":"168","properties":{"ndvi":0.6804546471265606}},{"type":"Feature","geometry":{"geodesic":false,"type":"Point","coordinates":[80.05673522662661,12.811098845649527]},"id":"169","properties":{"ndvi":0.5642741547636543}},{"type":"Feature","geometry":{"geodesic":false,"type":"Point","coordinates":[80.0589810148369,12.811098845649527]},"id":"170","properties":{"ndvi":0.6403699116198067}},{"type":"Feature","geometry":{"geodesic":false,"type":"Point","coordinates":[80.0612268030472,12.811098845649527]},"id":"171","properties":{"ndvi":0.6428680513410499}},{"type":"Feature","geometry":{"geodesic":false,"type":"Point","coordinates":[80.06347259125751,12.811098845649527]},"id":"172","properties":{"ndvi":0.5261078817426089}},{"type":"Feature","geometry":{"geodesic":false,"type":"Point","coordinates":[80.06571837946781,12.811098845649527]},"id":"173","properties":{"ndvi":0.5547290318901554}},{"type":"Feature","geometry":{"geodesic":false,"type":"Point","coordinates":[80.0679641676781,12.811098845649527]},"id":"174","properties":{"ndvi":0.634593182586792}},{"type":"Feature","geometry":{"geodesic":false,"type":"Point","coordinates":[80.0702099558884,12.811098845649527]},"id":"175","properties":{"ndvi":0.5722380727183298}},{"type":"Feature","geometry":{"geodesic":false,"type":"Point","coordinates":[80.0724557440987,12.811098845649527]},"id":"176","properties":{"ndvi":0.5411142380944749}},{"type":"Feature","geometry":{"geodesic":false,"type":"Point","coordinates":[80.074701532309,12.811098845649527]},"id":"177","properties":{"ndvi":0.5151862163278731}},{"type":"Feature","geometry":{"geodesic":false,"type":"Point","coordinates":[80.0769473205193,12.811098845649527]},"id":"178","properties":{"ndvi":0.46393531884998085}},{"type":"Feature","geometry":{"geodesic":false,"type":"Point","coordinates":[80.0791931087296,12.811098845649527]},"id":"179","properties":{"ndvi":0.5902522995600843}},{"type":"Feature","geometry":{"geodesic":false,"type":"Point","coordinates":[80.00059052136913,12.813344633859826]},"id":"180","properties":{"ndvi":0.44679430451854946}},{"type":"Feature","geometry":{"geodesic":false,"type":"Point","coordinates":[80.00283630957944,12.813344633859826]},"id":"181","properties":{"ndvi":0.5686225026288119}},{"type":"Feature","geometry":{"geodesic":false,"type":"Point","coordinates":[80.00508209778974,12.813344633859826]},"id":"182","properties":{"ndvi":0.5057155573889728}},{"type":"Feature","geometry":{"geodesic":false,"type":"Point","coordinates":[80.00732788600004,12.813344633859826]},"id":"183","properties":{"ndvi":0.6379098282308051}},{"type":"Feature","geometry":{"geodesic":false,"type":"Point","coordinates":[80.00957367421033,12.813344633859826]},"id":"184","properties":{"ndvi":0.5963935104351523}},{"type":"Feature","geometry":{"geodesic":false,"type":"Point","coordinates":[80.01181946242063,12.813344633859826]},"id":"185","properties":{"ndvi":0.5565469535861196}},{"type":"Feature","geometry":{"geodesic":false,"type":"Point","coordinates":[80.01406525063094,12.813344633859826]},"id":"186","properties":{"ndvi":0.5929584302541689}},{"type":"Feature","geometry":{"geodesic":false,"type":"Point","coordinates":[80.01631103884124,12.813344633859826]},"id":"187","properties":{"ndvi":0.5721945103711352}},{"type":"Feature","geometry":{"geodesic":false,"type":"Point","coordinates":[80.01855682705153,12.813344633859826]},"id":"188","properties":{"ndvi":0.5848879421903095}},{"type":"Feature","geometry":{"geodesic":false,"type":"Point","coordinates":[80.02080261526183,12.813344633859826]},"id":"189","properties":{"ndvi":0.5617063355547774}},{"type":"Feature","geometry":{"geodesic":false,"type":"Point","coordinates":[80.02304840347213,12.813344633859826]},"id":"190","properties":{"ndvi":0.5807761180749426}},{"type":"Feature","geometry":{"geodesic":false,"type":"Point","coordinates":[80.02529419168242,12.813344633859826]},"id":"191","properties":{"ndvi":0.48931938510769496}},{"type":"Feature","geometry":{"geodesic":false,"type":"Point","coordinates":[80.02753997989272,12.813344633859826]},"id":"192","properties":{"ndvi":0.47401631354845325}},{"type":"Feature","geometry":{"geodesic":false,"type":"Point","coordinates":[80.02978576810303,12.813344633859826]},"id":"193","properties":{"ndvi":0.5611299723852098}},{"type":"Feature","geometry":{"geodesic":false,"type":"Point","coordinates":[80.03203155631333,12.813344633859826]},"id":"194","properties":{"ndvi":0.5085415216943869}},{"type":"Feature","geometry":{"geodesic":false,"type":"Point","coordinates":[80.03427734452362,12.813344633859826]},"id":"195","properties":{"ndvi":0.5598582507318578}},{"type":"Feature","geometry":{"geodesic":false,"type":"Point","coordinates":[80.03652313273392,12.813344633859826]},"id":"196","properties":{"ndvi":0.5179254302103251}},{"type":"Feature","geometry":{"geodesic":false,"type":"Point","coordinates":[80.03876892094422,12.813344633859826]},"id":"197","properties":{"ndvi":0.5551331973545954}},{"type":"Feature","geometry":{"geodesic":false,"type":"Point","coordinates":[80.04101470915452,12.813344633859826]},"id":"198","properties":{"ndvi":0.7104460308175804}},{"type":"Feature","geometry":{"geodesic":false,"type":"Point","coordinates":[80.04326049736481,12.813344633859826]},"id":"199","properties":{"ndvi":0.7385172922911727}},{"type":"Feature","geometry":{"geodesic":false,"type":"Point","coordinates":[80.04550628557512,12.813344633859826]},"id":"200","properties":{"ndvi":0.7308654932926804}},{"type":"Feature","geometry":{"geodesic":false,"type":"Point","coordinates":[80.04775207378542,12.813344633859826]},"id":"201","properties":{"ndvi":0.5913527186355618}},{"type":"Feature","geometry":{"geodesic":false,"type":"Point","coordinates":[80.04999786199572,12.813344633859826]},"id":"202","properties":{"ndvi":0.596856124744118}},{"type":"Feature","geometry":{"geodesic":false,"type":"Point","coordinates":[80.05224365020601,12.813344633859826]},"id":"203","properties":{"ndvi":0.5768816384921553}},{"type":"Feature","geometry":{"geodesic":false,"type":"Point","coordinates":[80.05448943841631,12.813344633859826]},"id":"204","properties":{"ndvi":0.5439816357691838}},{"type":"Feature","geometry":{"geodesic":false,"type":"Point","coordinates":[80.05673522662661,12.813344633859826]},"id":"205","properties":{"ndvi":0.5583572478278441}},{"type":"Feature","geometry":{"geodesic":false,"type":"Point","coordinates":[80.0589810148369,12.813344633859826]},"id":"206","properties":{"ndvi":0.6676174147215043}},{"type":"Feature","geometry":{"geodesic":false,"type":"Point","coordinates":[80.0612268030472,12.813344633859826]},"id":"207","properties":{"ndvi":0.6887558282216355}},{"type":"Feature","geometry":{"geodesic":false,"type":"Point","coordinates":[80.06347259125751,12.813344633859826]},"id":"208","properties":{"ndvi":0.6353008450346274}},{"type":"Feature","geometry":{"geodesic":false,"type":"Point","coordinates":[80.06571837946781,12.813344633859826]},"id":"209","properties":{"ndvi":0.6314505145908531}},{"type":"Feature","geometry":{"geodesic":false,"type":"Point","coordinates":[80.0679641676781,12.813344633859826]},"id":"210","properties":{"ndvi":0.6375361754732671}},{"type":"Feature","geometry":{"geodesic":false,"type":"Point","coordinates":[80.0702099558884,12.813344633859826]},"id":"211","properties":{"ndvi":0.6316885301387707}},{"type":"Feature","geometry":{"geodesic":false,"type":"Point","coordinates":[80.0724557440987,12.813344633859826]},"id":"212","properties":{"ndvi":0.6673631804636967}},{"type":"Feature","geometry":{"geodesic":false,"type":"Point","coordinates":[80.074701532309,12.813344633859826]},"id":"213","properties":{"ndvi":0.5254559146121862}},{"type":"Feature","geometry":{"geodesic":false,"type":"Point","coordinates":[80.0769473205193,12.813344633859826]},"id":"214","properties":{"ndvi":0.4111139759598266}},{"type":"Feature","geometry":{"geodesic":false,"type":"Point","coordinates":[80.0791931087296,12.813344633859826]},"id":"215","properties":{"ndvi":0.46822526169545126}},{"type":"Feature","geometry":{"geodesic":false,"type":"Point","coordinates":[80.00059052136913,12.815590422070125]},"id":"216","properties":{"ndvi":0.39643773623067513}},{"type":"Feature","geometry":{"geodesic":false,"type":"Point","coordinates":[80.00283630957944,12.815590422070125]},"id":"217","properties":{"ndvi":0.5161791764260355}},{"type":"Feature","geometry":{"geodesic":false,"type":"Point","coordinates":[80.00508209778974,12.815590422070125]},"id":"218","properties":{"ndvi":0.5078836690070557}},{"type":"Feature","geometry":{"geodesic":false,"type":"Point","coordinates":[80.00732788600004,12.815590422070125]},"id":"219","properties":{"ndvi":0.5074018012508026}},{"type":"Feature","geometry":{"geodesic":false,"type":"Point","coordinates":[80.00957367421033,12.815590422070125]},"id":"220","properties":{"ndvi":0.5899356281140525}},{"type":"Feature","geometry":{"geodesic":false,"type":"Point","coordinates":[80.01181946242063,12.815590422070125]},"id":"221","properties":{"ndvi":0.53920245398773}},{"type":"Feature","geometry":{"geodesic":false,"type":"Point","coordinates":[80.01406525063094,12.815590422070125]},"id":"222","properties":{"ndvi":0.5865712944862791}},{"type":"Feature","geometry":{"geodesic":false,"type":"Point","coordinates":[80.01631103884124,12.815590422070125]},"id":"223","properties":{"ndvi":0.5602781222070321}},{"type":"Feature","geometry":{"geodesic":false,"type":"Point","coordinates":[80.01855682705153,12.815590422070125]},"id":"224","properties":{"ndvi":0.5478145311965475}},{"type":"Feature","geometry":{"geodesic":false,"type":"Point","coordinates":[80.02080261526183,12.815590422070125]},"id":"225","properties":{"ndvi":0.4085494043447791}},{"type":"Feature","geometry":{"geodesic":false,"type":"Point","coordinates":[80.02304840347213,12.815590422070125]},"id":"226","properties":{"ndvi":0.432055600857714}},{"type":"Feature","geometry":{"geodesic":false,"type":"Point","coordinates":[80.02529419168242,12.815590422070125]},"id":"227","properties":{"ndvi":0.49160448907031495}},{"type":"Feature","geometry":{"geodesic":false,"type":"Point","coordinates":[80.02753997989272,12.815590422070125]},"id":"228","properties":{"ndvi":0.4339810312849227}},{"type":"Feature","geometry":{"geodesic":false,"type":"Point","coordinates":[80.02978576810303,12.815590422070125]},"id":"229","properties":{"ndvi":0.49141310540904926}},{"type":"Feature","geometry":{"geodesic":false,"type":"Point","coordinates":[80.03203155631333,12.815590422070125]},"id":"230","properties":{"ndvi":0.5486945957506562}},{"type":"Feature","geometry":{"geodesic":false,"type":"Point","coordinates":[80.03427734452362,12.815590422070125]},"id":"231","properties":{"ndvi":0.5881193297777498}},{"type":"Feature","geometry":{"geodesic":false,"type":"Point","coordinates":[80.03652313273392,12.815590422070125]},"id":"232","properties":{"ndvi":0.5386070068425315}},{"type":"Feature","geometry":{"geodesic":false,"type":"Point","coordinates":[80.03876892094422,12.815590422070125]},"id":"233","properties":{"ndvi":0.46283791314826006}},{"type":"Feature","geometry":{"geodesic":false,"type":"Point","coordinates":[80.04101470915452,12.815590422070125]},"id":"234","properties":{"ndvi":0.4937859395288443}},{"type":"Feature","geometry":{"geodesic":false,"type":"Point","coordinates":[80.04326049736481,12.815590422070125]},"id":"235","properties":{"ndvi":0.4998163472549316}},{"type":"Feature","geometry":{"geodesic":false,"type":"Point","coordinates":[80.04550628557512,12.815590422070125]},"id":"236","properties":{"ndvi":0.5252517632859351}},{"type":"Feature","geometry":{"geodesic":false,"type":"Point","coordinates":[80.04775207378542,12.815590422070125]},"id":"237","properties":{"ndvi":0.6272300586775781}},{"type":"Feature","geometry":{"geodesic":false,"type":"Point","coordinates":[80.04999786199572,12.815590422070125]},"id":"238","properties":{"ndvi":0.5226926590292169}},{"type":"Feature","geometry":{"geodesic":false,"type":"Point","coordinates":[80.05224365020601,12.815590422070125]},"id":"239","properties":{"ndvi":0.5540896091515731}},{"type":"Feature","geometry":{"geodesic":false,"type":"Point","coordinates":[80.05448943841631,12.815590422070125]},"id":"240","properties":{"ndvi":0.5320694811245384}},{"type":"Feature","geometry":{"geodesic":false,"type":"Point","coordinates":[80.05673522662661,12.815590422070125]},"id":"241","properties":{"ndvi":0.5706250520057127}},{"type":"Feature","geometry":{"geodesic":false,"type":"Point","coordinates":[80.0589810148369,12.815590422070125]},"id":"242","properties":{"ndvi":0.6482297857940126}},{"type":"Feature","geometry":{"geodesic":false,"type":"Point","coordinates":[80.0612268030472,12.815590422070125]},"id":"243","properties":{"ndvi":0.7153748061247467}},{"type":"Feature","geometry":{"geodesic":false,"type":"Point","coordinates":[80.06347259125751,12.815590422070125]},"id":"244","properties":{"ndvi":0.6982690725799395}},{"type":"Feature","geometry":{"geodesic":false,"type":"Point","coordinates":[80.06571837946781,12.815590422070125]},"id":"245","properties":{"ndvi":0.6058782863440043}},{"type":"Feature","geometry":{"geodesic":false,"type":"Point","coordinates":[80.0679641676781,12.815590422070125]},"id":"246","properties":{"ndvi":0.4974146562247122}},{"type":"Feature","geometry":{"geodesic":false,"type":"Point","coordinates":[80.0702099558884,12.815590422070125]},"id":"247","properties":{"ndvi":0.5202624387982328}},{"type":"Feature","geometry":{"geodesic":false,"type":"Point","coordinates":[80.0724557440987,12.815590422070125]},"id":"248","properties":{"ndvi":0.6169509548922963}},{"type":"Feature","geometry":{"geodesic":false,"type":"Point","coordinates":[80.074701532309,12.815590422070125]},"id":"249","properties":{"ndvi":0.5002893084549247}},{"type":"Feature","geometry":{"geodesic":false,"type":"Point","coordinates":[80.0769473205193,12.815590422070125]},"id":"250","properties":{"ndvi":0.41952725238756183}},{"type":"Feature","geometry":{"geodesic":false,"type":"Point","coordinates":[80.0791931087296,12.815590422070125]},"id":"251","properties":{"ndvi":0.4174226400313356}},{"type":"Feature","geometry":{"geodesic":false,"type":"Point","coordinates":[80.00059052136913,12.817836210280422]},"id":"252","properties":{"ndvi":0.41493673363032435}},{"type":"Feature","geometry":{"geodesic":false,"type":"Point","coordinates":[80.00283630957944,12.817836210280422]},"id":"253","properties":{"ndvi":0.491544286647473}},{"type":"Feature","geometry":{"geodesic":false,"type":"Point","coordinates":[80.00508209778974,12.817836210280422]},"id":"254","properties":{"ndvi":0.5931862655987682}},{"type":"Feature","geometry":{"geodesic":false,"type":"Point","coordinates":[80.00732788600004,12.817836210280422]},"id":"255","properties":{"ndvi":0.6370327495042586}},{"type":"Feature","geometry":{"geodesic":false,"type":"Point","coordinates":[80.00957367421033,12.817836210280422]},"id":"256","properties":{"ndvi":0.5771513205598513}},{"type":"Feature","geometry":{"geodesic":false,"type":"Point","coordinates":[80.01181946242063,12.817836210280422]},"id":"257","properties":{"ndvi":0.6270663772362312}},{"type":"Feature","geometry":{"geodesic":false,"type":"Point","coordinates":[80.01406525063094,12.817836210280422]},"id":"258","properties":{"ndvi":0.5239141998039943}},{"type":"Feature","geometry":{"geodesic":false,"type":"Point","coordinates":[80.01631103884124,12.817836210280422]},"id":"259","properties":{"ndvi":0.572580304875761}},{"type":"Feature","geometry":{"geodesic":false,"type":"Point","coordinates":[80.01855682705153,12.817836210280422]},"id":"260","properties":{"ndvi":0.5922396502481722}},{"type":"Feature","geometry":{"geodesic":false,"type":"Point","coordinates":[80.02080261526183,12.817836210280422]},"id":"261","properties":{"ndvi":0.5399926728750362}},{"type":"Feature","geometry":{"geodesic":false,"type":"Point","coordinates":[80.02304840347213,12.817836210280422]},"id":"262","properties":{"ndvi":0.5081876051803615}},{"type":"Feature","geometry":{"geodesic":false,"type":"Point","coordinates":[80.02529419168242,12.817836210280422]},"id":"263","properties":{"ndvi":0.6224859660880154}},{"type":"Feature","geometry":{"geodesic":false,"type":"Point","coordinates":[80.02753997989272,12.817836210280422]},"id":"264","properties":{"ndvi":0.5265332969296831}},{"type":"Feature","geometry":{"geodesic":false,"type":"Point","coordinates":[80.02978576810303,12.817836210280422]},"id":"265","properties":{"ndvi":0.5968289747540859}},{"type":"Feature","geometry":{"geodesic":false,"type":"Point","coordinates":[80.03203155631333,12.817836210280422]},"id":"266","properties":{"ndvi":0.6299489404003435}},{"type":"Feature","geometry":{"geodesic":false,"type":"Point","coordinates":[80.03427734452362,12.817836210280422]},"id":"267","properties":{"ndvi":0.6024770048542535}},{"type":"Feature","geometry":{"geodesic":false,"type":"Point","coordinates":[80.03652313273392,12.817836210280422]},"id":"268","properties":{"ndvi":0.5468855439907141}},{"type":"Feature","geometry":{"geodesic":false,"type":"Point","coordinates":[80.03876892094422,12.817836210280422]},"id":"269","properties":{"ndvi":0.350148727404875}},{"type":"Feature","geometry":{"geodesic":false,"type":"Point","coordinates":[80.04101470915452,12.817836210280422]},"id":"270","properties":{"ndvi":0.40167409898384393}},{"type":"Feature","geometry":{"geodesic":false,"type":"Point","coordinates":[80.04326049736481,12.817836210280422]},"id":"271","properties":{"ndvi":0.32257672270327525}},{"type":"Feature","geometry":{"geodesic":false,"type":"Point","coordinates":[80.04550628557512,12.817836210280422]},"id":"272","properties":{"ndvi":0.30089182242318124}},{"type":"Feature","geometry":{"geodesic":false,"type":"Point","coordinates":[80.04775207378542,12.817836210280422]},"id":"273","properties":{"ndvi":0.48971486158041416}},{"type":"Feature","geometry":{"geodesic":false,"type":"Point","coordinates":[80.04999786199572,12.817836210280422]},"id":"274","properties":{"ndvi":0.6480961263306141}},{"type":"Feature","geometry":{"geodesic":false,"type":"Point","coordinates":[80.05224365020601,12.817836210280422]},"id":"275","properties":{"ndvi":0.5539187973316962}},{"type":"Feature","geometry":{"geodesic":false,"type":"Point","coordinates":[80.05448943841631,12.817836210280422]},"id":"276","properties":{"ndvi":0.6472687726443394}},{"type":"Feature","geometry":{"geodesic":false,"type":"Point","coordinates":[80.05673522662661,12.817836210280422]},"id":"277","properties":{"ndvi":0.5138745382079479}},{"type":"Feature","geometry":{"geodesic":false,"type":"Point","coordinates":[80.0589810148369,12.817836210280422]},"id":"278","properties":{"ndvi":0.6118039309831829}},{"type":"Feature","geometry":{"geodesic":false,"type":"Point","coordinates":[80.0612268030472,12.817836210280422]},"id":"279","properties":{"ndvi":0.6517440862322942}},{"type":"Feature","geometry":{"geodesic":false,"type":"Point","coordinates":[80.06347259125751,12.817836210280422]},"id":"280","properties":{"ndvi":0.6817770663998086}},{"type":"Feature","geometry":{"geodesic":false,"type":"Point","coordinates":[80.06571837946781,12.817836210280422]},"id":"281","properties":{"ndvi":0.6644166953266097}},{"type":"Feature","geometry":{"geodesic":false,"type":"Point","coordinates":[80.0679641676781,12.817836210280422]},"id":"282","properties":{"ndvi":0.4962847652007501}},{"type":"Feature","geometry":{"geodesic":false,"type":"Point","coordinates":[80.0702099558884,12.817836210280422]},"id":"283","properties":{"ndvi":0.58578782190328}},{"type":"Feature","geometry":{"geodesic":false,"type":"Point","coordinates":[80.0724557440987,12.817836210280422]},"id":"284","properties":{"ndvi":0.6154720879194857}},{"type":"Feature","geometry":{"geodesic":false,"type":"Point","coordinates":[80.074701532309,12.817836210280422]},"id":"285","properties":{"ndvi":0.580657092383738}},{"type":"Feature","geometry":{"geodesic":false,"type":"Point","coordinates":[80.0769473205193,12.817836210280422]},"id":"286","properties":{"ndvi":0.47804637683452744}},{"type":"Feature","geometry":{"geodesic":false,"type":"Point","coordinates":[80.0791931087296,12.817836210280422]},"id":"287","properties":{"ndvi":0.5236514403558314}},{"type":"Feature","geometry":{"geodesic":false,"type":"Point","coordinates":[80.00059052136913,12.820081998490721]},"id":"288","properties":{"ndvi":0.3934758664704005}},{"type":"Feature","geometry":{"geodesic":false,"type":"Point","coordinates":[80.00283630957944,12.820081998490721]},"id":"289","properties":{"ndvi":0.5881645065291985}},{"type":"Feature","geometry":{"geodesic":false,"type":"Point","coordinates":[80.00508209778974,12.820081998490721]},"id":"290","properties":{"ndvi":0.6168354768729669}},{"type":"Feature","geometry":{"geodesic":false,"type":"Point","coordinates":[80.00732788600004,12.820081998490721]},"id":"291","properties":{"ndvi":0.5564333177803163}},{"type":"Feature","geometry":{"geodesic":false,"type":"Point","coordinates":[80.00957367421033,12.820081998490721]},"id":"292","properties":{"ndvi":0.5960601156069364}},{"type":"Feature","geometry":{"geodesic":false,"type":"Point","coordinates":[80.01181946242063,12.820081998490721]},"id":"293","properties":{"ndvi":0.6034530132385336}},{"type":"Feature","geometry":{"geodesic":false,"type":"Point","coordinates":[80.01406525063094,12.820081998490721]},"id":"294","properties":{"ndvi":0.6182803292063674}},{"type":"Feature","geometry":{"geodesic":false,"type":"Point","coordinates":[80.01631103884124,12.820081998490721]},"id":"295","properties":{"ndvi":0.47368555941173573}},{"type":"Feature","geometry":{"geodesic":false,"type":"Point","coordinates":[80.01855682705153,12.820081998490721]},"id":"296","properties":{"ndvi":0.5542896985437227}},{"type":"Feature","geometry":{"geodesic":false,"type":"Point","coordinates":[80.02080261526183,12.820081998490721]},"id":"297","properties":{"ndvi":0.5545065698920402}},{"type":"Feature","geometry":{"geodesic":false,"type":"Point","coordinates":[80.02304840347213,12.820081998490721]},"id":"298","properties":{"ndvi":0.4811502764362363}},{"type":"Feature","geometry":{"geodesic":false,"type":"Point","coordinates":[80.02529419168242,12.820081998490721]},"id":"299","properties":{"ndvi":0.48587242107076734}},{"type":"Feature","geometry":{"geodesic":false,"type":"Point","coordinates":[80.02753997989272,12.820081998490721]},"id":"300","properties":{"ndvi":0.44756118945397566}},{"type":"Feature","geometry":{"geodesic":false,"type":"Point","coordinates":[80.02978576810303,12.820081998490721]},"id":"301","properties":{"ndvi":0.48866382782828865}},{"type":"Feature","geometry":{"geodesic":false,"type":"Point","coordinates":[80.03203155631333,12.820081998490721]},"id":"302","properties":{"ndvi":0.4995464613174455}},{"type":"Feature","geometry":{"geodesic":false,"type":"Point","coordinates":[80.03427734452362,12.820081998490721]},"id":"303","properties":{"ndvi":0.6211913658801501}},{"type":"Feature","geometry":{"geodesic":false,"type":"Point","coordinates":[80.03652313273392,12.820081998490721]},"id":"304","properties":{"ndvi":0.4702341140432256}},{"type":"Feature","geometry":{"geodesic":false,"type":"Point","coordinates":[80.03876892094422,12.820081998490721]},"id":"305","properties":{"ndvi":0.4011766623574562}},{"type":"Feature","geometry":{"geodesic":false,"type":"Point","coordinates":[80.04101470915452,12.820081998490721]},"id":"306","properties":{"ndvi":0.4425031453421584}},{"type":"Feature","geometry":{"geodesic":false,"type":"Point","coordinates":[80.04326049736481,12.820081998490721]},"id":"307","properties":{"ndvi":0.3790542468238362}},{"type":"Feature","geometry":{"geodesic":false,"type":"Point","coordinates":[80.04550628557512,12.820081998490721]},"id":"308","properties":{"ndvi":0.3717352909254161}},{"type":"Feature","geometry":{"geodesic":false,"type":"Point","coordinates":[80.04775207378542,12.820081998490721]},"id":"309","properties":{"ndvi":0.4138945962541433}},{"type":"Feature","geometry":{"geodesic":false,"type":"Point","coordinates":[80.04999786199572,12.820081998490721]},"id":"310","properties":{"ndvi":0.5860883567667025}},{"type":"Feature","geometry":{"geodesic":false,"type":"Point","coordinates":[80.05224365020601,12.820081998490721]},"id":"311","properties":{"ndvi":0.573317858174321}},{"type":"Feature","geometry":{"geodesic":false,"type":"Point","coordinates":[80.05448943841631,12.820081998490721]},"id":"312","properties":{"ndvi":0.5026796822662455}},{"type":"Feature","geometry":{"geodesic":false,"type":"Point","coordinates":[80.05673522662661,12.820081998490721]},"id":"313","properties":{"ndvi":0.44656586459883163}},{"type":"Feature","geometry":{"geodesic":false,"type":"Point","coordinates":[80.0589810148369,12.820081998490721]},"id":"314","properties":{"ndvi":0.5247380829979968}},{"type":"Feature","geometry":{"geodesic":false,"type":"Point","coordinates":[80.0612268030472,12.820081998490721]},"id":"315","properties":{"ndvi":0.7072883571002417}},{"type":"Feature","geometry":{"geodesic":false,"type":"Point","coordinates":[80.06347259125751,12.820081998490721]},"id":"316","properties":{"ndvi":0.65279277383654}},{"type":"Feature","geometry":{"geodesic":false,"type":"Point","coordinates":[80.06571837946781,12.820081998490721]},"id":"317","properties":{"ndvi":0.7038022103812944}},{"type":"Feature","geometry":{"geodesic":false,"type":"Point","coordinates":[80.0679641676781,12.820081998490721]},"id":"318","properties":{"ndvi":0.5701443837180847}},{"type":"Feature","geometry":{"geodesic":false,"type":"Point","coordinates":[80.0702099558884,12.820081998490721]},"id":"319","properties":{"ndvi":0.5545829239348196}},{"type":"Feature","geometry":{"geodesic":false,"type":"Point","coordinates":[80.0724557440987,12.820081998490721]},"id":"320","properties":{"ndvi":0.6014402943210133}},{"type":"Feature","geometry":{"geodesic":false,"type":"Point","coordinates":[80.074701532309,12.820081998490721]},"id":"321","properties":{"ndvi":0.522553389468732}},{"type":"Feature","geometry":{"geodesic":false,"type":"Point","coordinates":[80.0769473205193,12.820081998490721]},"id":"322","properties":{"ndvi":0.48975264337111146}},{"type":"Feature","geometry":{"geodesic":false,"type":"Point","coordinates":[80.0791931087296,12.820081998490721]},"id":"323","properties":{"ndvi":0.49979791175479965}},{"type":"Feature","geometry":{"geodesic":false,"type":"Point","coordinates":[80.00059052136913,12.82232778670102]},"id":"324","properties":{"ndvi":0.6020878759394654}},{"type":"Feature","geometry":{"geodesic":false,"type":"Point","coordinates":[80.00283630957944,12.82232778670102]},"id":"325","properties":{"ndvi":0.4906818406078348}},{"type":"Feature","geometry":{"geodesic":false,"type":"Point","coordinates":[80.00508209778974,12.82232778670102]},"id":"326","properties":{"ndvi":0.5795548134654374}},{"type":"Feature","geometry":{"geodesic":false,"type":"Point","coordinates":[80.00732788600004,12.82232778670102]},"id":"327","properties":{"ndvi":0.49598220985279473}},{"type":"Feature","geometry":{"geodesic":false,"type":"Point","coordinates":[80.00957367421033,12.82232778670102]},"id":"328","properties":{"ndvi":0.5486192790466364}},{"type":"Feature","geometry":{"geodesic":false,"type":"Point","coordinates":[80.01181946242063,12.82232778670102]},"id":"329","properties":{"ndvi":0.528448273905557}},{"type":"Feature","geometry":{"geodesic":false,"type":"Point","coordinates":[80.01406525063094,12.82232778670102]},"id":"330","properties":{"ndvi":0.5463512087249333}},{"type":"Feature","geometry":{"geodesic":false,"type":"Point","coordinates":[80.01631103884124,12.82232778670102]},"id":"331","properties":{"ndvi":0.5168278640785967}},{"type":"Feature","geometry":{"geodesic":false,"type":"Point","coordinates":[80.01855682705153,12.82232778670102]},"id":"332","properties":{"ndvi":0.5772011164950992}},{"type":"Feature","geometry":{"geodesic":false,"type":"Point","coordinates":[80.02080261526183,12.82232778670102]},"id":"333","properties":{"ndvi":0.5857951607028975}},{"type":"Feature","geometry":{"geodesic":false,"type":"Point","coordinates":[80.02304840347213,12.82232778670102]},"id":"334","properties":{"ndvi":0.4419694534711566}},{"type":"Feature","geometry":{"geodesic":false,"type":"Point","coordinates":[80.02529419168242,12.82232778670102]},"id":"335","properties":{"ndvi":0.49425776768501106}},{"type":"Feature","geometry":{"geodesic":false,"type":"Point","coordinates":[80.02753997989272,12.82232778670102]},"id":"336","properties":{"ndvi":0.5063848584936034}},{"type":"Feature","geometry":{"geodesic":false,"type":"Point","coordinates":[80.02978576810303,12.82232778670102]},"id":"337","properties":{"ndvi":0.5935391254265844}},{"type":"Feature","geometry":{"geodesic":false,"type":"Point","coordinates":[80.03203155631333,12.82232778670102]},"id":"338","properties":{"ndvi":0.5733047077704747}},{"type":"Feature","geometry":{"geodesic":false,"type":"Point","coordinates":[80.03427734452362,12.82232778670102]},"id":"339","properties":{"ndvi":0.589002616565838}},{"type":"Feature","geometry":{"geodesic":false,"type":"Point","coordinates":[80.03652313273392,12.82232778670102]},"id":"340","properties":{"ndvi":0.6091679831654053}},{"type":"Feature","geometry":{"geodesic":false,"type":"Point","coordinates":[80.03876892094422,12.82232778670102]},"id":"341","properties":{"ndvi":0.5521528897075755}},{"type":"Feature","geometry":{"geodesic":false,"type":"Point","coordinates":[80.04101470915452,12.82232778670102]},"id":"342","properties":{"ndvi":0.5407705243011062}},{"type":"Feature","geometry":{"geodesic":false,"type":"Point","coordinates":[80.04326049736481,12.82232778670102]},"id":"343","properties":{"ndvi":0.4894451157904909}},{"type":"Feature","geometry":{"geodesic":false,"type":"Point","coordinates":[80.04550628557512,12.82232778670102]},"id":"344","properties":{"ndvi":0.5313245404798653}},{"type":"Feature","geometry":{"geodesic":false,"type":"Point","coordinates":[80.04775207378542,12.82232778670102]},"id":"345","properties":{"ndvi":0.46722564359512647}},{"type":"Feature","geometry":{"geodesic":false,"type":"Point","coordinates":[80.04999786199572,12.82232778670102]},"id":"346","properties":{"ndvi":0.43853423615888765}},{"type":"Feature","geometry":{"geodesic":false,"type":"Point","coordinates":[80.05224365020601,12.82232778670102]},"id":"347","properties":{"ndvi":0.5396295674251943}},{"type":"Feature","geometry":{"geodesic":false,"type":"Point","coordinates":[80.05448943841631,12.82232778670102]},"id":"348","properties":{"ndvi":0.6262554979321211}},{"type":"Feature","geometry":{"geodesic":false,"type":"Point","coordinates":[80.05673522662661,12.82232778670102]},"id":"349","properties":{"ndvi":0.513864053230597}},{"type":"Feature","geometry":{"geodesic":false,"type":"Point","coordinates":[80.0589810148369,12.82232778670102]},"id":"350","properties":{"ndvi":0.4374621271629598}},{"type":"Feature","geometry":{"geodesic":false,"type":"Point","coordinates":[80.0612268030472,12.82232778670102]},"id":"351","properties":{"ndvi":0.6255854898182907}},{"type":"Feature","geometry":{"geodesic":false,"type":"Point","coordinates":[80.06347259125751,12.82232778670102]},"id":"352","properties":{"ndvi":0.6270571928268314}},{"type":"Feature","geometry":{"geodesic":false,"type":"Point","coordinates":[80.06571837946781,12.82232778670102]},"id":"353","properties":{"ndvi":0.6785679502912016}},{"type":"Feature","geometry":{"geodesic":false,"type":"Point","coordinates":[80.0679641676781,12.82232778670102]},"id":"354","properties":{"ndvi":0.6060006471042085}},{"type":"Feature","geometry":{"geodesic":false,"type":"Point","coordinates":[80.0702099558884,12.82232778670102]},"id":"355","properties":{"ndvi":0.5400997634742459}},{"type":"Feature","geometry":{"geodesic":false,"type":"Point","coordinates":[80.0724557440987,12.82232778670102]},"id":"356","properties":{"ndvi":0.5273508994957405}},{"type":"Feature","geometry":{"geodesic":false,"type":"Point","coordinates":[80.074701532309,12.82232778670102]},"id":"357","properties":{"ndvi":0.41232700400584255}},{"type":"Feature","geometry":{"geodesic":false,"type":"Point","coordinates":[80.0769473205193,12.82232778670102]},"id":"358","properties":{"ndvi":0.42774815827951806}},{"type":"Feature","geometry":{"geodesic":false,"type":"Point","coordinates":[80.0791931087296,12.82232778670102]},"id":"359","properties":{"ndvi":0.51543146347665}},{"type":"Feature","geometry":{"geodesic":false,"type":"Point","coordinates":[80.00059052136913,12.82457357491132]},"id":"360","properties":{"ndvi":0.6767143529579999}},{"type":"Feature","geometry":{"geodesic":false,"type":"Point","coordinates":[80.00283630957944,12.82457357491132]},"id":"361","properties":{"ndvi":0.46070728243965114}},{"type":"Feature","geometry":{"geodesic":false,"type":"Point","coordinates":[80.00508209778974,12.82457357491132]},"id":"362","properties":{"ndvi":0.5534498558075112}},{"type":"Feature","geometry":{"geodesic":false,"type":"Point","coordinates":[80.00732788600004,12.82457357491132]},"id":"363","properties":{"ndvi":0.5274220032840722}},{"type":"Feature","geometry":{"geodesic":false,"type":"Point","coordinates":[80.00957367421033,12.82457357491132]},"id":"364","properties":{"ndvi":0.5960388639760839}},{"type":"Feature","geometry":{"geodesic":false,"type":"Point","coordinates":[80.01181946242063,12.82457357491132]},"id":"365","properties":{"ndvi":0.5999048015707741}},{"type":"Feature","geometry":{"geodesic":false,"type":"Point","coordinates":[80.01406525063094,12.82457357491132]},"id":"366","properties":{"ndvi":0.48556773213962595}},{"type":"Feature","geometry":{"geodesic":false,"type":"Point","coordinates":[80.01631103884124,12.82457357491132]},"id":"367","properties":{"ndvi":0.5079120125416422}},{"type":"Feature","geometry":{"geodesic":false,"type":"Point","coordinates":[80.01855682705153,12.82457357491132]},"id":"368","properties":{"ndvi":0.5948617923434592}},{"type":"Feature","geometry":{"geodesic":false,"type":"Point","coordinates":[80.02080261526183,12.82457357491132]},"id":"369","properties":{"ndvi":0.5602065519888092}},{"type":"Feature","geometry":{"geodesic":false,"type":"Point","coordinates":[80.02304840347213,12.82457357491132]},"id":"370","properties":{"ndvi":0.5760999070556483}},{"type":"Feature","geometry":{"geodesic":false,"type":"Point","coordinates":[80.02529419168242,12.82457357491132]},"id":"371","properties":{"ndvi":0.6035322102381963}},{"type":"Feature","geometry":{"geodesic":false,"type":"Point","coordinates":[80.02753997989272,12.82457357491132]},"id":"372","properties":{"ndvi":0.6368146772366037}},{"type":"Feature","geometry":{"geodesic":false,"type":"Point","coordinates":[80.02978576810303,12.82457357491132]},"id":"373","properties":{"ndvi":0.6487079962587284}},{"type":"Feature","geometry":{"geodesic":false,"type":"Point","coordinates":[80.03203155631333,12.82457357491132]},"id":"374","properties":{"ndvi":0.5526340966520157}},{"type":"Feature","geometry":{"geodesic":false,"type":"Point","coordinates":[80.03427734452362,12.82457357491132]},"id":"375","properties":{"ndvi":0.5689188438241762}},{"type":"Feature","geometry":{"geodesic":false,"type":"Point","coordinates":[80.03652313273392,12.82457357491132]},"id":"376","properties":{"ndvi":0.645091850537431}},{"type":"Feature","geometry":{"geodesic":false,"type":"Point","coordinates":[80.03876892094422,12.82457357491132]},"id":"377","properties":{"ndvi":0.5454985650679672}},{"type":"Feature","geometry":{"geodesic":false,"type":"Point","coordinates":[80.04101470915452,12.82457357491132]},"id":"378","properties":{"ndvi":0.5211371434919128}},{"type":"Feature","geometry":{"geodesic":false,"type":"Point","coordinates":[80.04326049736481,12.82457357491132]},"id":"379","properties":{"ndvi":0.43462700241936636}},{"type":"Feature","geometry":{"geodesic":false,"type":"Point","coordinates":[80.04550628557512,12.82457357491132]},"id":"380","properties":{"ndvi":0.3085205370198058}},{"type":"Feature","geometry":{"geodesic":false,"type":"Point","coordinates":[80.04775207378542,12.82457357491132]},"id":"381","properties":{"ndvi":0.45062445991394673}},{"type":"Feature","geometry":{"geodesic":false,"type":"Point","coordinates":[80.04999786199572,12.82457357491132]},"id":"382","properties":{"ndvi":0.4761980338521002}},{"type":"Feature","geometry":{"geodesic":false,"type":"Point","coordinates":[80.05224365020601,12.82457357491132]},"id":"383","properties":{"ndvi":0.5042288002050633}},{"type":"Feature","geometry":{"geodesic":false,"type":"Point","coordinates":[80.05448943841631,12.82457357491132]},"id":"384","properties":{"ndvi":0.5302787040467664}},{"type":"Feature","geometry":{"geodesic":false,"type":"Point","coordinates":[80.05673522662661,12.82457357491132]},"id":"385","properties":{"ndvi":0.519155098119441}},{"type":"Feature","geometry":{"geodesic":false,"type":"Point","coordinates":[80.0589810148369,12.82457357491132]},"id":"386","properties":{"ndvi":0.5121879269905275}},{"type":"Feature","geometry":{"geodesic":false,"type":"Point","coordinates":[80.0612268030472,12.82457357491132]},"id":"387","properties":{"ndvi":0.581915637380564}},{"type":"Feature","geometry":{"geodesic":false,"type":"Point","coordinates":[80.06347259125751,12.82457357491132]},"id":"388","properties":{"ndvi":0.6048373332327337}},{"type":"Feature","geometry":{"geodesic":false,"type":"Point","coordinates":[80.06571837946781,12.82457357491132]},"id":"389","properties":{"ndvi":0.6465910385333413}},{"type":"Feature","geometry":{"geodesic":false,"type":"Point","coordinates":[80.0679641676781,12.82457357491132]},"id":"390","properties":{"ndvi":0.612078195030914}},{"type":"Feature","geometry":{"geodesic":false,"type":"Point","coordinates":[80.0702099558884,12.82457357491132]},"id":"391","properties":{"ndvi":0.4470127363705497}},{"type":"Feature","geometry":{"geodesic":false,"type":"Point","coordinates":[80.0724557440987,12.82457357491132]},"id":"392","properties":{"ndvi":0.4659371406388479}},{"type":"Feature","geometry":{"geodesic":false,"type":"Point","coordinates":[80.074701532309,12.82457357491132]},"id":"393","properties":{"ndvi":0.4051455665061952}},{"type":"Feature","geometry":{"geodesic":false,"type":"Point","coordinates":[80.0769473205193,12.82457357491132]},"id":"394","properties":{"ndvi":0.3897520829617551}},{"type":"Feature","geometry":{"geodesic":false,"type":"Point","coordinates":[80.0791931087296,12.82457357491132]},"id":"395","properties":{"ndvi":0.503913620798099}},{"type":"Feature","geometry":{"geodesic":false,"type":"Point","coordinates":[80.00059052136913,12.826819363121619]},"id":"396","properties":{"ndvi":0.5617716833076982}},{"type":"Feature","geometry":{"geodesic":false,"type":"Point","coordinates":[80.00283630957944,12.826819363121619]},"id":"397","properties":{"ndvi":0.4732467990132738}},{"type":"Feature","geometry":{"geodesic":false,"type":"Point","coordinates":[80.00508209778974,12.826819363121619]},"id":"398","properties":{"ndvi":0.6532518699645347}},{"type":"Feature","geometry":{"geodesic":false,"type":"Point","coordinates":[80.00732788600004,12.826819363121619]},"id":"399","properties":{"ndvi":0.6187598639513195}},{"type":"Feature","geometry":{"geodesic":false,"type":"Point","coordinates":[80.00957367421033,12.826819363121619]},"id":"400","properties":{"ndvi":0.645785213601398}},{"type":"Feature","geometry":{"geodesic":false,"type":"Point","coordinates":[80.01181946242063,12.826819363121619]},"id":"401","properties":{"ndvi":0.5756587936755807}},{"type":"Feature","geometry":{"geodesic":false,"type":"Point","coordinates":[80.01406525063094,12.826819363121619]},"id":"402","properties":{"ndvi":0.5988726088347449}},{"type":"Feature","geometry":{"geodesic":false,"type":"Point","coordinates":[80.01631103884124,12.826819363121619]},"id":"403","properties":{"ndvi":0.5946719392268067}},{"type":"Feature","geometry":{"geodesic":false,"type":"Point","coordinates":[80.01855682705153,12.826819363121619]},"id":"404","properties":{"ndvi":0.5884824720367026}},{"type":"Feature","geometry":{"geodesic":false,"type":"Point","coordinates":[80.02080261526183,12.826819363121619]},"id":"405","properties":{"ndvi":0.4660122164048866}},{"type":"Feature","geometry":{"geodesic":false,"type":"Point","coordinates":[80.02304840347213,12.826819363121619]},"id":"406","properties":{"ndvi":0.524713488812999}},{"type":"Feature","geometry":{"geodesic":false,"type":"Point","coordinates":[80.02529419168242,12.826819363121619]},"id":"407","properties":{"ndvi":0.608187789548642}},{"type":"Feature","geometry":{"geodesic":false,"type":"Point","coordinates":[80.02753997989272,12.826819363121619]},"id":"408","properties":{"ndvi":0.5796850260916815}},{"type":"Feature","geometry":{"geodesic":false,"type":"Point","coordinates":[80.02978576810303,12.826819363121619]},"id":"409","properties":{"ndvi":0.6013510817963005}},{"type":"Feature","geometry":{"geodesic":false,"type":"Point","coordinates":[80.03203155631333,12.826819363121619]},"id":"410","properties":{"ndvi":0.5982459242401184}},{"type":"Feature","geometry":{"geodesic":false,"type":"Point","coordinates":[80.03427734452362,12.826819363121619]},"id":"411","properties":{"ndvi":0.5621437899452552}},{"type":"Feature","geometry":{"geodesic":false,"type":"Point","coordinates":[80.03652313273392,12.826819363121619]},"id":"412","properties":{"ndvi":0.7119022954037403}},{"type":"Feature","geometry":{"geodesic":false,"type":"Point","coordinates":[80.03876892094422,12.826819363121619]},"id":"413","properties":{"ndvi":0.6322780339400451}},{"type":"Feature","geometry":{"geodesic":false,"type":"Point","coordinates":[80.04101470915452,12.826819363121619]},"id":"414","properties":{"ndvi":0.4761787051874993}},{"type":"Feature","geometry":{"geodesic":false,"type":"Point","coordinates":[80.04326049736481,12.826819363121619]},"id":"415","properties":{"ndvi":0.3818026720769115}},{"type":"Feature","geometry":{"geodesic":false,"type":"Point","coordinates":[80.04550628557512,12.826819363121619]},"id":"416","properties":{"ndvi":0.3080090220706482}},{"type":"Feature","geometry":{"geodesic":false,"type":"Point","coordinates":[80.04775207378542,12.826819363121619]},"id":"417","properties":{"ndvi":0.4439516287863866}},{"type":"Feature","geometry":{"geodesic":false,"type":"Point","coordinates":[80.04999786199572,12.826819363121619]},"id":"418","properties":{"ndvi":0.46926958137820346}},{"type":"Feature","geometry":{"geodesic":false,"type":"Point","coordinates":[80.05224365020601,12.826819363121619]},"id":"419","properties":{"ndvi":0.4355790522374725}},{"type":"Feature","geometry":{"geodesic":false,"type":"Point","coordinates":[80.05448943841631,12.826819363121619]},"id":"420","properties":{"ndvi":0.5791893520034167}},{"type":"Feature","geometry":{"geodesic":false,"type":"Point","coordinates":[80.05673522662661,12.826819363121619]},"id":"421","properties":{"ndvi":0.5397053612531577}},{"type":"Feature","geometry":{"geodesic":false,"type":"Point","coordinates":[80.0589810148369,12.826819363121619]},"id":"422","properties":{"ndvi":0.5401624951638343}},{"type":"Feature","geometry":{"geodesic":false,"type":"Point","coordinates":[80.0612268030472,12.826819363121619]},"id":"423","properties":{"ndvi":0.5839647781253621}},{"type":"Feature","geometry":{"geodesic":false,"type":"Point","coordinates":[80.06347259125751,12.826819363121619]},"id":"424","properties":{"ndvi":0.6190152709091898}},{"type":"Feature","geometry":{"geodesic":false,"type":"Point","coordinates":[80.06571837946781,12.826819363121619]},"id":"425","properties":{"ndvi":0.6436591653527789}},{"type":"Feature","geometry":{"geodesic":false,"type":"Point","coordinates":[80.0679641676781,12.826819363121619]},"id":"426","properties":{"ndvi":0.6230194344844313}},{"type":"Feature","geometry":{"geodesic":false,"type":"Point","coordinates":[80.0702099558884,12.826819363121619]},"id":"427","properties":{"ndvi":0.4676310220820417}},{"type":"Feature","geometry":{"geodesic":false,"type":"Point","coordinates":[80.0724557440987,12.826819363121619]},"id":"428","properties":{"ndvi":0.4486442902344481}},{"type":"Feature","geometry":{"geodesic":false,"type":"Point","coordinates":[80.074701532309,12.826819363121619]},"id":"429","properties":{"ndvi":0.45805232895325537}},{"type":"Feature","geometry":{"geodesic":false,"type":"Point","coordinates":[80.0769473205193,12.826819363121619]},"id":"430","properties":{"ndvi":0.665443941288258}},{"type":"Feature","geometry":{"geodesic":false,"type":"Point","coordinates":[80.0791931087296,12.826819363121619]},"id":"431","properties":{"ndvi":0.693750032871927}},{"type":"Feature","geometry":{"geodesic":false,"type":"Point","coordinates":[80.00059052136913,12.829065151331918]},"id":"432","properties":{"ndvi":0.5890050438323553}},{"type":"Feature","geometry":{"geodesic":false,"type":"Point","coordinates":[80.00283630957944,12.829065151331918]},"id":"433","properties":{"ndvi":0.5986903229066983}},{"type":"Feature","geometry":{"geodesic":false,"type":"Point","coordinates":[80.00508209778974,12.829065151331918]},"id":"434","properties":{"ndvi":0.6582318208601688}},{"type":"Feature","geometry":{"geodesic":false,"type":"Point","coordinates":[80.00732788600004,12.829065151331918]},"id":"435","properties":{"ndvi":0.630334707969694}},{"type":"Feature","geometry":{"geodesic":false,"type":"Point","coordinates":[80.00957367421033,12.829065151331918]},"id":"436","properties":{"ndvi":0.6281563609619535}},{"type":"Feature","geometry":{"geodesic":false,"type":"Point","coordinates":[80.01181946242063,12.829065151331918]},"id":"437","properties":{"ndvi":0.5775176485720226}},{"type":"Feature","geometry":{"geodesic":false,"type":"Point","coordinates":[80.01406525063094,12.829065151331918]},"id":"438","properties":{"ndvi":0.5520160298519999}},{"type":"Feature","geometry":{"geodesic":false,"type":"Point","coordinates":[80.01631103884124,12.829065151331918]},"id":"439","properties":{"ndvi":0.5722435637559571}},{"type":"Feature","geometry":{"geodesic":false,"type":"Point","coordinates":[80.01855682705153,12.829065151331918]},"id":"440","properties":{"ndvi":0.5442595565941815}},{"type":"Feature","geometry":{"geodesic":false,"type":"Point","coordinates":[80.02080261526183,12.829065151331918]},"id":"441","properties":{"ndvi":0.5095434969853574}},{"type":"Feature","geometry":{"geodesic":false,"type":"Point","coordinates":[80.02304840347213,12.829065151331918]},"id":"442","properties":{"ndvi":0.5081776224402921}},{"type":"Feature","geometry":{"geodesic":false,"type":"Point","coordinates":[80.02529419168242,12.829065151331918]},"id":"443","properties":{"ndvi":0.5883478282914602}},{"type":"Feature","geometry":{"geodesic":false,"type":"Point","coordinates":[80.02753997989272,12.829065151331918]},"id":"444","properties":{"ndvi":0.5604476513031953}},{"type":"Feature","geometry":{"geodesic":false,"type":"Point","coordinates":[80.02978576810303,12.829065151331918]},"id":"445","properties":{"ndvi":0.5735554321673143}},{"type":"Feature","geometry":{"geodesic":false,"type":"Point","coordinates":[80.03203155631333,12.829065151331918]},"id":"446","properties":{"ndvi":0.5683751221100619}},{"type":"Feature","geometry":{"geodesic":false,"type":"Point","coordinates":[80.03427734452362,12.829065151331918]},"id":"447","properties":{"ndvi":0.5820619281761481}},{"type":"Feature","geometry":{"geodesic":false,"type":"Point","coordinates":[80.03652313273392,12.829065151331918]},"id":"448","properties":{"ndvi":0.6166666189187071}},{"type":"Feature","geometry":{"geodesic":false,"type":"Point","coordinates":[80.03876892094422,12.829065151331918]},"id":"449","properties":{"ndvi":0.5744179803094872}},{"type":"Feature","geometry":{"geodesic":false,"type":"Point","coordinates":[80.04101470915452,12.829065151331918]},"id":"450","properties":{"ndvi":0.46171325283491416}},{"type":"Feature","geometry":{"geodesic":false,"type":"Point","coordinates":[80.04326049736481,12.829065151331918]},"id":"451","properties":{"ndvi":0.3782439353932734}},{"type":"Feature","geometry":{"geodesic":false,"type":"Point","coordinates":[80.04550628557512,12.829065151331918]},"id":"452","properties":{"ndvi":0.3491770681104909}},{"type":"Feature","geometry":{"geodesic":false,"type":"Point","coordinates":[80.04775207378542,12.829065151331918]},"id":"453","properties":{"ndvi":0.3921013432902619}},{"type":"Feature","geometry":{"geodesic":false,"type":"Point","coordinates":[80.04999786199572,12.829065151331918]},"id":"454","properties":{"ndvi":0.31357428919678615}},{"type":"Feature","geometry":{"geodesic":false,"type":"Point","coordinates":[80.05224365020601,12.829065151331918]},"id":"455","properties":{"ndvi":0.3034804252626056}},{"type":"Feature","geometry":{"geodesic":false,"type":"Point","coordinates":[80.05448943841631,12.829065151331918]},"id":"456","properties":{"ndvi":0.5168721840170738}},{"type":"Feature","geometry":{"geodesic":false,"type":"Point","coordinates":[80.05673522662661,12.829065151331918]},"id":"457","properties":{"ndvi":0.5643024627690485}},{"type":"Feature","geometry":{"geodesic":false,"type":"Point","coordinates":[80.0589810148369,12.829065151331918]},"id":"458","properties":{"ndvi":0.6893466501310819}},{"type":"Feature","geometry":{"geodesic":false,"type":"Point","coordinates":[80.0612268030472,12.829065151331918]},"id":"459","properties":{"ndvi":0.6924143988864208}},{"type":"Feature","geometry":{"geodesic":false,"type":"Point","coordinates":[80.06347259125751,12.829065151331918]},"id":"460","properties":{"ndvi":0.6041903027914972}},{"type":"Feature","geometry":{"geodesic":false,"type":"Point","coordinates":[80.06571837946781,12.829065151331918]},"id":"461","properties":{"ndvi":0.6489832453854427}},{"type":"Feature","geometry":{"geodesic":false,"type":"Point","coordinates":[80.0679641676781,12.829065151331918]},"id":"462","properties":{"ndvi":0.5478405823569052}},{"type":"Feature","geometry":{"geodesic":false,"type":"Point","coordinates":[80.0702099558884,12.829065151331918]},"id":"463","properties":{"ndvi":0.43662317241180326}},{"type":"Feature","geometry":{"geodesic":false,"type":"Point","coordinates":[80.0724557440987,12.829065151331918]},"id":"464","properties":{"ndvi":0.3969698383810102}},{"type":"Feature","geometry":{"geodesic":false,"type":"Point","coordinates":[80.074701532309,12.829065151331918]},"id":"465","properties":{"ndvi":0.5852182223638102}},{"type":"Feature","geometry":{"geodesic":false,"type":"Point","coordinates":[80.0769473205193,12.829065151331918]},"id":"466","properties":{"ndvi":0.740457389993775}},{"type":"Feature","geometry":{"geodesic":false,"type":"Point","coordinates":[80.0791931087296,12.829065151331918]},"id":"467","properties":{"ndvi":0.6948729138611629}},{"type":"Feature","geometry":{"geodesic":false,"type":"Point","coordinates":[80.00059052136913,12.831310939542215]},"id":"468","properties":{"ndvi":0.6550631533539553}},{"type":"Feature","geometry":{"geodesic":false,"type":"Point","coordinates":[80.00283630957944,12.831310939542215]},"id":"469","properties":{"ndvi":0.642500653415809}},{"type":"Feature","geometry":{"geodesic":false,"type":"Point","coordinates":[80.00508209778974,12.831310939542215]},"id":"470","properties":{"ndvi":0.6444814707793873}},{"type":"Feature","geometry":{"geodesic":false,"type":"Point","coordinates":[80.00732788600004,12.831310939542215]},"id":"471","properties":{"ndvi":0.6187347870862603}},{"type":"Feature","geometry":{"geodesic":false,"type":"Point","coordinates":[80.00957367421033,12.831310939542215]},"id":"472","properties":{"ndvi":0.611892122502095}},{"type":"Feature","geometry":{"geodesic":false,"type":"Point","coordinates":[80.01181946242063,12.831310939542215]},"id":"473","properties":{"ndvi":0.6307558318328043}},{"type":"Feature","geometry":{"geodesic":false,"type":"Point","coordinates":[80.01406525063094,12.831310939542215]},"id":"474","properties":{"ndvi":0.5744743276283618}},{"type":"Feature","geometry":{"geodesic":false,"type":"Point","coordinates":[80.01631103884124,12.831310939542215]},"id":"475","properties":{"ndvi":0.5427352225337971}},{"type":"Feature","geometry":{"geodesic":false,"type":"Point","coordinates":[80.01855682705153,12.831310939542215]},"id":"476","properties":{"ndvi":0.5455133546916798}},{"type":"Feature","geometry":{"geodesic":false,"type":"Point","coordinates":[80.02080261526183,12.831310939542215]},"id":"477","properties":{"ndvi":0.539961152846411}},{"type":"Feature","geometry":{"geodesic":false,"type":"Point","coordinates":[80.02304840347213,12.831310939542215]},"id":"478","properties":{"ndvi":0.555971403732328}},{"type":"Feature","geometry":{"geodesic":false,"type":"Point","coordinates":[80.02529419168242,12.831310939542215]},"id":"479","properties":{"ndvi":0.5911882002911946}},{"type":"Feature","geometry":{"geodesic":false,"type":"Point","coordinates":[80.02753997989272,12.831310939542215]},"id":"480","properties":{"ndvi":0.30679349421642926}},{"type":"Feature","geometry":{"geodesic":false,"type":"Point","coordinates":[80.02978576810303,12.831310939542215]},"id":"481","properties":{"ndvi":0.48655563897102755}},{"type":"Feature","geometry":{"geodesic":false,"type":"Point","coordinates":[80.03203155631333,12.831310939542215]},"id":"482","properties":{"ndvi":0.5494780606352118}},{"type":"Feature","geometry":{"geodesic":false,"type":"Point","coordinates":[80.03427734452362,12.831310939542215]},"id":"483","properties":{"ndvi":0.5180880027388773}},{"type":"Feature","geometry":{"geodesic":false,"type":"Point","coordinates":[80.03652313273392,12.831310939542215]},"id":"484","properties":{"ndvi":0.5624621843551274}},{"type":"Feature","geometry":{"geodesic":false,"type":"Point","coordinates":[80.03876892094422,12.831310939542215]},"id":"485","properties":{"ndvi":0.6181428088583227}},{"type":"Feature","geometry":{"geodesic":false,"type":"Point","coordinates":[80.04101470915452,12.831310939542215]},"id":"486","properties":{"ndvi":0.5728318529484333}},{"type":"Feature","geometry":{"geodesic":false,"type":"Point","coordinates":[80.04326049736481,12.831310939542215]},"id":"487","properties":{"ndvi":0.4821402559168308}},{"type":"Feature","geometry":{"geodesic":false,"type":"Point","coordinates":[80.04550628557512,12.831310939542215]},"id":"488","properties":{"ndvi":0.36985848096110785}},{"type":"Feature","geometry":{"geodesic":false,"type":"Point","coordinates":[80.04775207378542,12.831310939542215]},"id":"489","properties":{"ndvi":0.3749953587749889}},{"type":"Feature","geometry":{"geodesic":false,"type":"Point","coordinates":[80.04999786199572,12.831310939542215]},"id":"490","properties":{"ndvi":0.37751479289940826}},{"type":"Feature","geometry":{"geodesic":false,"type":"Point","coordinates":[80.05224365020601,12.831310939542215]},"id":"491","properties":{"ndvi":0.3070174905312817}},{"type":"Feature","geometry":{"geodesic":false,"type":"Point","coordinates":[80.05448943841631,12.831310939542215]},"id":"492","properties":{"ndvi":0.4131145668223165}},{"type":"Feature","geometry":{"geodesic":false,"type":"Point","coordinates":[80.05673522662661,12.831310939542215]},"id":"493","properties":{"ndvi":0.47030469660848834}},{"type":"Feature","geometry":{"geodesic":false,"type":"Point","coordinates":[80.0589810148369,12.831310939542215]},"id":"494","properties":{"ndvi":0.7047018171721223}},{"type":"Feature","geometry":{"geodesic":false,"type":"Point","coordinates":[80.0612268030472,12.831310939542215]},"id":"495","properties":{"ndvi":0.7249636548969804}},{"type":"Feature","geometry":{"geodesic":false,"type":"Point","coordinates":[80.06347259125751,12.831310939542215]},"id":"496","properties":{"ndvi":0.5865197337676098}},{"type":"Feature","geometry":{"geodesic":false,"type":"Point","coordinates":[80.06571837946781,12.831310939542215]},"id":"497","properties":{"ndvi":0.5458523942807258}},{"type":"Feature","geometry":{"geodesic":false,"type":"Point","coordinates":[80.0679641676781,12.831310939542215]},"id":"498","properties":{"ndvi":0.4661462708556807}},{"type":"Feature","geometry":{"geodesic":false,"type":"Point","coordinates":[80.0702099558884,12.831310939542215]},"id":"499","properties":{"ndvi":0.3864827492495194}},{"type":"Feature","geometry":{"geodesic":false,"type":"Point","coordinates":[80.0724557440987,12.831310939542215]},"id":"500","properties":{"ndvi":0.39149777558082055}},{"type":"Feature","geometry":{"geodesic":false,"type":"Point","coordinates":[80.074701532309,12.831310939542215]},"id":"501","properties":{"ndvi":0.7159147135047298}},{"type":"Feature","geometry":{"geodesic":false,"type":"Point","coordinates":[80.0769473205193,12.831310939542215]},"id":"502","properties":{"ndvi":0.6497116099600073}},{"type":"Feature","geometry":{"geodesic":false,"type":"Point","coordinates":[80.0791931087296,12.831310939542215]},"id":"503","properties":{"ndvi":0.38210924553669157}},{"type":"Feature","geometry":{"geodesic":false,"type":"Point","coordinates":[80.00059052136913,12.833556727752514]},"id":"504","properties":{"ndvi":0.5821942259635868}},{"type":"Feature","geometry":{"geodesic":false,"type":"Point","coordinates":[80.00283630957944,12.833556727752514]},"id":"505","properties":{"ndvi":0.6146841212504082}},{"type":"Feature","geometry":{"geodesic":false,"type":"Point","coordinates":[80.00508209778974,12.833556727752514]},"id":"506","properties":{"ndvi":0.6256969723039202}},{"type":"Feature","geometry":{"geodesic":false,"type":"Point","coordinates":[80.00732788600004,12.833556727752514]},"id":"507","properties":{"ndvi":0.5839178819276789}},{"type":"Feature","geometry":{"geodesic":false,"type":"Point","coordinates":[80.00957367421033,12.833556727752514]},"id":"508","properties":{"ndvi":0.5627757694434434}},{"type":"Feature","geometry":{"geodesic":false,"type":"Point","coordinates":[80.01181946242063,12.833556727752514]},"id":"509","properties":{"ndvi":0.5073463740724058}},{"type":"Feature","geometry":{"geodesic":false,"type":"Point","coordinates":[80.01406525063094,12.833556727752514]},"id":"510","properties":{"ndvi":0.5740384905377698}},{"type":"Feature","geometry":{"geodesic":false,"type":"Point","coordinates":[80.01631103884124,12.833556727752514]},"id":"511","properties":{"ndvi":0.545469892578212}},{"type":"Feature","geometry":{"geodesic":false,"type":"Point","coordinates":[80.01855682705153,12.833556727752514]},"id":"512","properties":{"ndvi":0.5356864030623123}},{"type":"Feature","geometry":{"geodesic":false,"type":"Point","coordinates":[80.02080261526183,12.833556727752514]},"id":"513","properties":{"ndvi":0.5914992858665891}},{"type":"Feature","geometry":{"geodesic":false,"type":"Point","coordinates":[80.02304840347213,12.833556727752514]},"id":"514","properties":{"ndvi":0.6078896657164243}},{"type":"Feature","geometry":{"geodesic":false,"type":"Point","coordinates":[80.02529419168242,12.833556727752514]},"id":"515","properties":{"ndvi":0.6197105143988059}},{"type":"Feature","geometry":{"geodesic":false,"type":"Point","coordinates":[80.02753997989272,12.833556727752514]},"id":"516","properties":{"ndvi":0.5913179461282141}},{"type":"Feature","geometry":{"geodesic":false,"type":"Point","coordinates":[80.02978576810303,12.833556727752514]},"id":"517","properties":{"ndvi":0.6228483039341974}},{"type":"Feature","geometry":{"geodesic":false,"type":"Point","coordinates":[80.03203155631333,12.833556727752514]},"id":"518","properties":{"ndvi":0.6031090923691625}},{"type":"Feature","geometry":{"geodesic":false,"type":"Point","coordinates":[80.03427734452362,12.833556727752514]},"id":"519","properties":{"ndvi":0.5533666025201952}},{"type":"Feature","geometry":{"geodesic":false,"type":"Point","coordinates":[80.03652313273392,12.833556727752514]},"id":"520","properties":{"ndvi":0.5845855102691768}},{"type":"Feature","geometry":{"geodesic":false,"type":"Point","coordinates":[80.03876892094422,12.833556727752514]},"id":"521","properties":{"ndvi":0.6870360844395829}},{"type":"Feature","geometry":{"geodesic":false,"type":"Point","coordinates":[80.04101470915452,12.833556727752514]},"id":"522","properties":{"ndvi":0.6037082412686139}},{"type":"Feature","geometry":{"geodesic":false,"type":"Point","coordinates":[80.04326049736481,12.833556727752514]},"id":"523","properties":{"ndvi":0.5707419812030374}},{"type":"Feature","geometry":{"geodesic":false,"type":"Point","coordinates":[80.04550628557512,12.833556727752514]},"id":"524","properties":{"ndvi":0.5388072547335749}},{"type":"Feature","geometry":{"geodesic":false,"type":"Point","coordinates":[80.04775207378542,12.833556727752514]},"id":"525","properties":{"ndvi":0.3979188091944981}},{"type":"Feature","geometry":{"geodesic":false,"type":"Point","coordinates":[80.04999786199572,12.833556727752514]},"id":"526","properties":{"ndvi":0.38562926106133}},{"type":"Feature","geometry":{"geodesic":false,"type":"Point","coordinates":[80.05224365020601,12.833556727752514]},"id":"527","properties":{"ndvi":0.3238740622995621}},{"type":"Feature","geometry":{"geodesic":false,"type":"Point","coordinates":[80.05448943841631,12.833556727752514]},"id":"528","properties":{"ndvi":0.4517195520588637}},{"type":"Feature","geometry":{"geodesic":false,"type":"Point","coordinates":[80.05673522662661,12.833556727752514]},"id":"529","properties":{"ndvi":0.4893434743607395}},{"type":"Feature","geometry":{"geodesic":false,"type":"Point","coordinates":[80.0589810148369,12.833556727752514]},"id":"530","properties":{"ndvi":0.6969898256755881}},{"type":"Feature","geometry":{"geodesic":false,"type":"Point","coordinates":[80.0612268030472,12.833556727752514]},"id":"531","properties":{"ndvi":0.7418410807138563}},{"type":"Feature","geometry":{"geodesic":false,"type":"Point","coordinates":[80.06347259125751,12.833556727752514]},"id":"532","properties":{"ndvi":0.7078742270191423}},{"type":"Feature","geometry":{"geodesic":false,"type":"Point","coordinates":[80.06571837946781,12.833556727752514]},"id":"533","properties":{"ndvi":0.6789339131468758}},{"type":"Feature","geometry":{"geodesic":false,"type":"Point","coordinates":[80.0679641676781,12.833556727752514]},"id":"534","properties":{"ndvi":0.4554388284418938}},{"type":"Feature","geometry":{"geodesic":false,"type":"Point","coordinates":[80.0702099558884,12.833556727752514]},"id":"535","properties":{"ndvi":0.4264943457189015}},{"type":"Feature","geometry":{"geodesic":false,"type":"Point","coordinates":[80.0724557440987,12.833556727752514]},"id":"536","properties":{"ndvi":0.52724106369381}},{"type":"Feature","geometry":{"geodesic":false,"type":"Point","coordinates":[80.074701532309,12.833556727752514]},"id":"537","properties":{"ndvi":0.7151954885040909}},{"type":"Feature","geometry":{"geodesic":false,"type":"Point","coordinates":[80.0769473205193,12.833556727752514]},"id":"538","properties":{"ndvi":0.3201772918986524}},{"type":"Feature","geometry":{"geodesic":false,"type":"Point","coordinates":[80.0791931087296,12.833556727752514]},"id":"539","properties":{"ndvi":0.15322636156297134}},{"type":"Feature","geometry":{"geodesic":false,"type":"Point","coordinates":[80.00059052136913,12.835802515962813]},"id":"540","properties":{"ndvi":0.6552303144467726}},{"type":"Feature","geometry":{"geodesic":false,"type":"Point","coordinates":[80.00283630957944,12.835802515962813]},"id":"541","properties":{"ndvi":0.6404119734842209}},{"type":"Feature","geometry":{"geodesic":false,"type":"Point","coordinates":[80.00508209778974,12.835802515962813]},"id":"542","properties":{"ndvi":0.5447544936732545}},{"type":"Feature","geometry":{"geodesic":false,"type":"Point","coordinates":[80.00732788600004,12.835802515962813]},"id":"543","properties":{"ndvi":0.5413772921941464}},{"type":"Feature","geometry":{"geodesic":false,"type":"Point","coordinates":[80.00957367421033,12.835802515962813]},"id":"544","properties":{"ndvi":0.47623552470433783}},{"type":"Feature","geometry":{"geodesic":false,"type":"Point","coordinates":[80.01181946242063,12.835802515962813]},"id":"545","properties":{"ndvi":0.49463074440955546}},{"type":"Feature","geometry":{"geodesic":false,"type":"Point","coordinates":[80.01406525063094,12.835802515962813]},"id":"546","properties":{"ndvi":0.5527722049240789}},{"type":"Feature","geometry":{"geodesic":false,"type":"Point","coordinates":[80.01631103884124,12.835802515962813]},"id":"547","properties":{"ndvi":0.5381266503250962}},{"type":"Feature","geometry":{"geodesic":false,"type":"Point","coordinates":[80.01855682705153,12.835802515962813]},"id":"548","properties":{"ndvi":0.5360698407344069}},{"type":"Feature","geometry":{"geodesic":false,"type":"Point","coordinates":[80.02080261526183,12.835802515962813]},"id":"549","properties":{"ndvi":0.5688203590904741}},{"type":"Feature","geometry":{"geodesic":false,"type":"Point","coordinates":[80.02304840347213,12.835802515962813]},"id":"550","properties":{"ndvi":0.5919676593341552}},{"type":"Feature","geometry":{"geodesic":false,"type":"Point","coordinates":[80.02529419168242,12.835802515962813]},"id":"551","properties":{"ndvi":0.5724243164062499}},{"type":"Feature","geometry":{"geodesic":false,"type":"Point","coordinates":[80.02753997989272,12.835802515962813]},"id":"552","properties":{"ndvi":0.5716768782861862}},{"type":"Feature","geometry":{"geodesic":false,"type":"Point","coordinates":[80.02978576810303,12.835802515962813]},"id":"553","properties":{"ndvi":0.6153079909204362}},{"type":"Feature","geometry":{"geodesic":false,"type":"Point","coordinates":[80.03203155631333,12.835802515962813]},"id":"554","properties":{"ndvi":0.6629591225367675}},{"type":"Feature","geometry":{"geodesic":false,"type":"Point","coordinates":[80.03427734452362,12.835802515962813]},"id":"555","properties":{"ndvi":0.6417520776292815}},{"type":"Feature","geometry":{"geodesic":false,"type":"Point","coordinates":[80.03652313273392,12.835802515962813]},"id":"556","properties":{"ndvi":0.6805621839962926}},{"type":"Feature","geometry":{"geodesic":false,"type":"Point","coordinates":[80.03876892094422,12.835802515962813]},"id":"557","properties":{"ndvi":0.7073570287218186}},{"type":"Feature","geometry":{"geodesic":false,"type":"Point","coordinates":[80.04101470915452,12.835802515962813]},"id":"558","properties":{"ndvi":0.6284410588007265}},{"type":"Feature","geometry":{"geodesic":false,"type":"Point","coordinates":[80.04326049736481,12.835802515962813]},"id":"559","properties":{"ndvi":0.5322220131702727}},{"type":"Feature","geometry":{"geodesic":false,"type":"Point","coordinates":[80.04550628557512,12.835802515962813]},"id":"560","properties":{"ndvi":0.5640887363647505}},{"type":"Feature","geometry":{"geodesic":false,"type":"Point","coordinates":[80.04775207378542,12.835802515962813]},"id":"561","properties":{"ndvi":0.5114589580281028}},{"type":"Feature","geometry":{"geodesic":false,"type":"Point","coordinates":[80.04999786199572,12.835802515962813]},"id":"562","properties":{"ndvi":0.3922580825673955}},{"type":"Feature","geometry":{"geodesic":false,"type":"Point","coordinates":[80.05224365020601,12.835802515962813]},"id":"563","properties":{"ndvi":0.42109577144183286}},{"type":"Feature","geometry":{"geodesic":false,"type":"Point","coordinates":[80.05448943841631,12.835802515962813]},"id":"564","properties":{"ndvi":0.46607477329548747}},{"type":"Feature","geometry":{"geodesic":false,"type":"Point","coordinates":[80.05673522662661,12.835802515962813]},"id":"565","properties":{"ndvi":0.559845501487373}},{"type":"Feature","geometry":{"geodesic":false,"type":"Point","coordinates":[80.0589810148369,12.835802515962813]},"id":"566","properties":{"ndvi":0.6393381430161988}},{"type":"Feature","geometry":{"geodesic":false,"type":"Point","coordinates":[80.0612268030472,12.835802515962813]},"id":"567","properties":{"ndvi":0.6757261183799821}},{"type":"Feature","geometry":{"geodesic":false,"type":"Point","coordinates":[80.06347259125751,12.835802515962813]},"id":"568","properties":{"ndvi":0.7332770723848248}},{"type":"Feature","geometry":{"geodesic":false,"type":"Point","coordinates":[80.06571837946781,12.835802515962813]},"id":"569","properties":{"ndvi":0.6043380851359123}},{"type":"Feature","geometry":{"geodesic":false,"type":"Point","coordinates":[80.0679641676781,12.835802515962813]},"id":"570","properties":{"ndvi":0.45732966544836784}},{"type":"Feature","geometry":{"geodesic":false,"type":"Point","coordinates":[80.0702099558884,12.835802515962813]},"id":"571","properties":{"ndvi":0.4822461935792324}},{"type":"Feature","geometry":{"geodesic":false,"type":"Point","coordinates":[80.0724557440987,12.835802515962813]},"id":"572","properties":{"ndvi":0.6585434422250532}},{"type":"Feature","geometry":{"geodesic":false,"type":"Point","coordinates":[80.074701532309,12.835802515962813]},"id":"573","properties":{"ndvi":0.6353994436116162}},{"type":"Feature","geometry":{"geodesic":false,"type":"Point","coordinates":[80.0769473205193,12.835802515962813]},"id":"574","properties":{"ndvi":0.1801179980273658}},{"type":"Feature","geometry":{"geodesic":false,"type":"Point","coordinates":[80.0791931087296,12.835802515962813]},"id":"575","properties":{"ndvi":0.41881755696888434}},{"type":"Feature","geometry":{"geodesic":false,"type":"Point","coordinates":[80.00059052136913,12.838048304173112]},"id":"576","properties":{"ndvi":0.562734756881914}},{"type":"Feature","geometry":{"geodesic":false,"type":"Point","coordinates":[80.00283630957944,12.838048304173112]},"id":"577","properties":{"ndvi":0.6150319720305336}},{"type":"Feature","geometry":{"geodesic":false,"type":"Point","coordinates":[80.00508209778974,12.838048304173112]},"id":"578","properties":{"ndvi":0.5447382206704376}},{"type":"Feature","geometry":{"geodesic":false,"type":"Point","coordinates":[80.00732788600004,12.838048304173112]},"id":"579","properties":{"ndvi":0.416247990113985}},{"type":"Feature","geometry":{"geodesic":false,"type":"Point","coordinates":[80.00957367421033,12.838048304173112]},"id":"580","properties":{"ndvi":0.397296930744559}},{"type":"Feature","geometry":{"geodesic":false,"type":"Point","coordinates":[80.01181946242063,12.838048304173112]},"id":"581","properties":{"ndvi":0.49550908501038937}},{"type":"Feature","geometry":{"geodesic":false,"type":"Point","coordinates":[80.01406525063094,12.838048304173112]},"id":"582","properties":{"ndvi":0.5361108878145132}},{"type":"Feature","geometry":{"geodesic":false,"type":"Point","coordinates":[80.01631103884124,12.838048304173112]},"id":"583","properties":{"ndvi":0.5066634241245137}},{"type":"Feature","geometry":{"geodesic":false,"type":"Point","coordinates":[80.01855682705153,12.838048304173112]},"id":"584","properties":{"ndvi":0.5255050871841692}},{"type":"Feature","geometry":{"geodesic":false,"type":"Point","coordinates":[80.02080261526183,12.838048304173112]},"id":"585","properties":{"ndvi":0.5033245465633237}},{"type":"Feature","geometry":{"geodesic":false,"type":"Point","coordinates":[80.02304840347213,12.838048304173112]},"id":"586","properties":{"ndvi":0.5271346219057308}},{"type":"Feature","geometry":{"geodesic":false,"type":"Point","coordinates":[80.02529419168242,12.838048304173112]},"id":"587","properties":{"ndvi":0.5747605600131487}},{"type":"Feature","geometry":{"geodesic":false,"type":"Point","coordinates":[80.02753997989272,12.838048304173112]},"id":"588","properties":{"ndvi":0.5952337922137813}},{"type":"Feature","geometry":{"geodesic":false,"type":"Point","coordinates":[80.02978576810303,12.838048304173112]},"id":"589","properties":{"ndvi":0.5729972246006767}},{"type":"Feature","geometry":{"geodesic":false,"type":"Point","coordinates":[80.03203155631333,12.838048304173112]},"id":"590","properties":{"ndvi":0.5989186965592219}},{"type":"Feature","geometry":{"geodesic":false,"type":"Point","coordinates":[80.03427734452362,12.838048304173112]},"id":"591","properties":{"ndvi":0.6775463693204378}},{"type":"Feature","geometry":{"geodesic":false,"type":"Point","coordinates":[80.03652313273392,12.838048304173112]},"id":"592","properties":{"ndvi":0.6549285345236141}},{"type":"Feature","geometry":{"geodesic":false,"type":"Point","coordinates":[80.03876892094422,12.838048304173112]},"id":"593","properties":{"ndvi":0.6153602263280857}},{"type":"Feature","geometry":{"geodesic":false,"type":"Point","coordinates":[80.04101470915452,12.838048304173112]},"id":"594","properties":{"ndvi":0.6445644606981454}},{"type":"Feature","geometry":{"geodesic":false,"type":"Point","coordinates":[80.04326049736481,12.838048304173112]},"id":"595","properties":{"ndvi":0.4686394222577479}},{"type":"Feature","geometry":{"geodesic":false,"type":"Point","coordinates":[80.04550628557512,12.838048304173112]},"id":"596","properties":{"ndvi":0.6190601878964342}},{"type":"Feature","geometry":{"geodesic":false,"type":"Point","coordinates":[80.04775207378542,12.838048304173112]},"id":"597","properties":{"ndvi":0.6084354932866317}},{"type":"Feature","geometry":{"geodesic":false,"type":"Point","coordinates":[80.04999786199572,12.838048304173112]},"id":"598","properties":{"ndvi":0.5694319950090713}},{"type":"Feature","geometry":{"geodesic":false,"type":"Point","coordinates":[80.05224365020601,12.838048304173112]},"id":"599","properties":{"ndvi":0.43424841979279655}},{"type":"Feature","geometry":{"geodesic":false,"type":"Point","coordinates":[80.05448943841631,12.838048304173112]},"id":"600","properties":{"ndvi":0.332296785953328}},{"type":"Feature","geometry":{"geodesic":false,"type":"Point","coordinates":[80.05673522662661,12.838048304173112]},"id":"601","properties":{"ndvi":0.33307634768263883}},{"type":"Feature","geometry":{"geodesic":false,"type":"Point","coordinates":[80.0589810148369,12.838048304173112]},"id":"602","properties":{"ndvi":0.3980807827395884}},{"type":"Feature","geometry":{"geodesic":false,"type":"Point","coordinates":[80.0612268030472,12.838048304173112]},"id":"603","properties":{"ndvi":0.4365359890731376}},{"type":"Feature","geometry":{"geodesic":false,"type":"Point","coordinates":[80.06347259125751,12.838048304173112]},"id":"604","properties":{"ndvi":0.586697885071618}},{"type":"Feature","geometry":{"geodesic":false,"type":"Point","coordinates":[80.06571837946781,12.838048304173112]},"id":"605","properties":{"ndvi":0.5003145763960286}},{"type":"Feature","geometry":{"geodesic":false,"type":"Point","coordinates":[80.0679641676781,12.838048304173112]},"id":"606","properties":{"ndvi":0.4370982567312943}},{"type":"Feature","geometry":{"geodesic":false,"type":"Point","coordinates":[80.0702099558884,12.838048304173112]},"id":"607","properties":{"ndvi":0.5006409885791322}},{"type":"Feature","geometry":{"geodesic":false,"type":"Point","coordinates":[80.0724557440987,12.838048304173112]},"id":"608","properties":{"ndvi":0.6625707843382077}},{"type":"Feature","geometry":{"geodesic":false,"type":"Point","coordinates":[80.074701532309,12.838048304173112]},"id":"609","properties":{"ndvi":0.41971589216730837}},{"type":"Feature","geometry":{"geodesic":false,"type":"Point","coordinates":[80.0769473205193,12.838048304173112]},"id":"610","properties":{"ndvi":0.6296604633382825}},{"type":"Feature","geometry":{"geodesic":false,"type":"Point","coordinates":[80.0791931087296,12.838048304173112]},"id":"611","properties":{"ndvi":0.6802014876868636}},{"type":"Feature","geometry":{"geodesic":false,"type":"Point","coordinates":[80.00059052136913,12.840294092383411]},"id":"612","properties":{"ndvi":0.5463446216455479}},{"type":"Feature","geometry":{"geodesic":false,"type":"Point","coordinates":[80.00283630957944,12.840294092383411]},"id":"613","properties":{"ndvi":0.5587595876691582}},{"type":"Feature","geometry":{"geodesic":false,"type":"Point","coordinates":[80.00508209778974,12.840294092383411]},"id":"614","properties":{"ndvi":0.5338117100513637}},{"type":"Feature","geometry":{"geodesic":false,"type":"Point","coordinates":[80.00732788600004,12.840294092383411]},"id":"615","properties":{"ndvi":0.45994360075543944}},{"type":"Feature","geometry":{"geodesic":false,"type":"Point","coordinates":[80.00957367421033,12.840294092383411]},"id":"616","properties":{"ndvi":0.4615666798352051}},{"type":"Feature","geometry":{"geodesic":false,"type":"Point","coordinates":[80.01181946242063,12.840294092383411]},"id":"617","properties":{"ndvi":0.5617308454234811}},{"type":"Feature","geometry":{"geodesic":false,"type":"Point","coordinates":[80.01406525063094,12.840294092383411]},"id":"618","properties":{"ndvi":0.5918838249633419}},{"type":"Feature","geometry":{"geodesic":false,"type":"Point","coordinates":[80.01631103884124,12.840294092383411]},"id":"619","properties":{"ndvi":0.5808739249717146}},{"type":"Feature","geometry":{"geodesic":false,"type":"Point","coordinates":[80.01855682705153,12.840294092383411]},"id":"620","properties":{"ndvi":0.5289534076960025}},{"type":"Feature","geometry":{"geodesic":false,"type":"Point","coordinates":[80.02080261526183,12.840294092383411]},"id":"621","properties":{"ndvi":0.4749347732212883}},{"type":"Feature","geometry":{"geodesic":false,"type":"Point","coordinates":[80.02304840347213,12.840294092383411]},"id":"622","properties":{"ndvi":0.5425491690021719}},{"type":"Feature","geometry":{"geodesic":false,"type":"Point","coordinates":[80.02529419168242,12.840294092383411]},"id":"623","properties":{"ndvi":0.5349330926819762}},{"type":"Feature","geometry":{"geodesic":false,"type":"Point","coordinates":[80.02753997989272,12.840294092383411]},"id":"624","properties":{"ndvi":0.5376200829029455}},{"type":"Feature","geometry":{"geodesic":false,"type":"Point","coordinates":[80.02978576810303,12.840294092383411]},"id":"625","properties":{"ndvi":0.4710531810800107}},{"type":"Feature","geometry":{"geodesic":false,"type":"Point","coordinates":[80.03203155631333,12.840294092383411]},"id":"626","properties":{"ndvi":0.5138568108504884}},{"type":"Feature","geometry":{"geodesic":false,"type":"Point","coordinates":[80.03427734452362,12.840294092383411]},"id":"627","properties":{"ndvi":0.5970243268456431}},{"type":"Feature","geometry":{"geodesic":false,"type":"Point","coordinates":[80.03652313273392,12.840294092383411]},"id":"628","properties":{"ndvi":0.691002361738587}},{"type":"Feature","geometry":{"geodesic":false,"type":"Point","coordinates":[80.03876892094422,12.840294092383411]},"id":"629","properties":{"ndvi":0.6237172496901078}},{"type":"Feature","geometry":{"geodesic":false,"type":"Point","coordinates":[80.04101470915452,12.840294092383411]},"id":"630","properties":{"ndvi":0.6736469709288273}},{"type":"Feature","geometry":{"geodesic":false,"type":"Point","coordinates":[80.04326049736481,12.840294092383411]},"id":"631","properties":{"ndvi":0.4952692473909271}},{"type":"Feature","geometry":{"geodesic":false,"type":"Point","coordinates":[80.04550628557512,12.840294092383411]},"id":"632","properties":{"ndvi":0.4900128980510431}},{"type":"Feature","geometry":{"geodesic":false,"type":"Point","coordinates":[80.04775207378542,12.840294092383411]},"id":"633","properties":{"ndvi":0.5959503319356495}},{"type":"Feature","geometry":{"geodesic":false,"type":"Point","coordinates":[80.04999786199572,12.840294092383411]},"id":"634","properties":{"ndvi":0.6097317956244164}},{"type":"Feature","geometry":{"geodesic":false,"type":"Point","coordinates":[80.05224365020601,12.840294092383411]},"id":"635","properties":{"ndvi":0.5126194339282496}},{"type":"Feature","geometry":{"geodesic":false,"type":"Point","coordinates":[80.05448943841631,12.840294092383411]},"id":"636","properties":{"ndvi":0.3739645058740072}},{"type":"Feature","geometry":{"geodesic":false,"type":"Point","coordinates":[80.05673522662661,12.840294092383411]},"id":"637","properties":{"ndvi":0.3581954876458916}},{"type":"Feature","geometry":{"geodesic":false,"type":"Point","coordinates":[80.0589810148369,12.840294092383411]},"id":"638","properties":{"ndvi":0.36981752773256965}},{"type":"Feature","geometry":{"geodesic":false,"type":"Point","coordinates":[80.0612268030472,12.840294092383411]},"id":"639","properties":{"ndvi":0.37782007842540055}},{"type":"Feature","geometry":{"geodesic":false,"type":"Point","coordinates":[80.06347259125751,12.840294092383411]},"id":"640","properties":{"ndvi":0.373600717612219}},{"type":"Feature","geometry":{"geodesic":false,"type":"Point","coordinates":[80.06571837946781,12.840294092383411]},"id":"641","properties":{"ndvi":0.43425410562356453}},{"type":"Feature","geometry":{"geodesic":false,"type":"Point","coordinates":[80.0679641676781,12.840294092383411]},"id":"642","properties":{"ndvi":0.4279630525309961}},{"type":"Feature","geometry":{"geodesic":false,"type":"Point","coordinates":[80.0702099558884,12.840294092383411]},"id":"643","properties":{"ndvi":0.5356018847942763}},{"type":"Feature","geometry":{"geodesic":false,"type":"Point","coordinates":[80.0724557440987,12.840294092383411]},"id":"644","properties":{"ndvi":0.6529307428948562}},{"type":"Feature","geometry":{"geodesic":false,"type":"Point","coordinates":[80.074701532309,12.840294092383411]},"id":"645","properties":{"ndvi":0.6527307451563612}},{"type":"Feature","geometry":{"geodesic":false,"type":"Point","coordinates":[80.0769473205193,12.840294092383411]},"id":"646","properties":{"ndvi":0.6576891539577389}},{"type":"Feature","geometry":{"geodesic":false,"type":"Point","coordinates":[80.0791931087296,12.840294092383411]},"id":"647","properties":{"ndvi":0.6627318174487987}},{"type":"Feature","geometry":{"geodesic":false,"type":"Point","coordinates":[80.00059052136913,12.84253988059371]},"id":"648","properties":{"ndvi":0.5426127808227429}},{"type":"Feature","geometry":{"geodesic":false,"type":"Point","coordinates":[80.00283630957944,12.84253988059371]},"id":"649","properties":{"ndvi":0.4624532720917409}},{"type":"Feature","geometry":{"geodesic":false,"type":"Point","coordinates":[80.00508209778974,12.84253988059371]},"id":"650","properties":{"ndvi":0.4995627937479506}},{"type":"Feature","geometry":{"geodesic":false,"type":"Point","coordinates":[80.00732788600004,12.84253988059371]},"id":"651","properties":{"ndvi":0.5626843763988135}},{"type":"Feature","geometry":{"geodesic":false,"type":"Point","coordinates":[80.00957367421033,12.84253988059371]},"id":"652","properties":{"ndvi":0.5950752484844979}},{"type":"Feature","geometry":{"geodesic":false,"type":"Point","coordinates":[80.01181946242063,12.84253988059371]},"id":"653","properties":{"ndvi":0.5849783033883009}},{"type":"Feature","geometry":{"geodesic":false,"type":"Point","coordinates":[80.01406525063094,12.84253988059371]},"id":"654","properties":{"ndvi":0.5493744898046937}},{"type":"Feature","geometry":{"geodesic":false,"type":"Point","coordinates":[80.01631103884124,12.84253988059371]},"id":"655","properties":{"ndvi":0.5102107144497636}},{"type":"Feature","geometry":{"geodesic":false,"type":"Point","coordinates":[80.01855682705153,12.84253988059371]},"id":"656","properties":{"ndvi":0.5062068791065636}},{"type":"Feature","geometry":{"geodesic":false,"type":"Point","coordinates":[80.02080261526183,12.84253988059371]},"id":"657","properties":{"ndvi":0.4620755372905256}},{"type":"Feature","geometry":{"geodesic":false,"type":"Point","coordinates":[80.02304840347213,12.84253988059371]},"id":"658","properties":{"ndvi":0.6033169663894927}},{"type":"Feature","geometry":{"geodesic":false,"type":"Point","coordinates":[80.02529419168242,12.84253988059371]},"id":"659","properties":{"ndvi":0.5466565797575511}},{"type":"Feature","geometry":{"geodesic":false,"type":"Point","coordinates":[80.02753997989272,12.84253988059371]},"id":"660","properties":{"ndvi":0.581927014377086}},{"type":"Feature","geometry":{"geodesic":false,"type":"Point","coordinates":[80.02978576810303,12.84253988059371]},"id":"661","properties":{"ndvi":0.5707800974388072}},{"type":"Feature","geometry":{"geodesic":false,"type":"Point","coordinates":[80.03203155631333,12.84253988059371]},"id":"662","properties":{"ndvi":0.5577452687510707}},{"type":"Feature","geometry":{"geodesic":false,"type":"Point","coordinates":[80.03427734452362,12.84253988059371]},"id":"663","properties":{"ndvi":0.5566522650368237}},{"type":"Feature","geometry":{"geodesic":false,"type":"Point","coordinates":[80.03652313273392,12.84253988059371]},"id":"664","properties":{"ndvi":0.637116417035507}},{"type":"Feature","geometry":{"geodesic":false,"type":"Point","coordinates":[80.03876892094422,12.84253988059371]},"id":"665","properties":{"ndvi":0.6885113066363185}},{"type":"Feature","geometry":{"geodesic":false,"type":"Point","coordinates":[80.04101470915452,12.84253988059371]},"id":"666","properties":{"ndvi":0.6670038474121073}},{"type":"Feature","geometry":{"geodesic":false,"type":"Point","coordinates":[80.04326049736481,12.84253988059371]},"id":"667","properties":{"ndvi":0.4980550801306987}},{"type":"Feature","geometry":{"geodesic":false,"type":"Point","coordinates":[80.04550628557512,12.84253988059371]},"id":"668","properties":{"ndvi":0.5356580949678883}},{"type":"Feature","geometry":{"geodesic":false,"type":"Point","coordinates":[80.04775207378542,12.84253988059371]},"id":"669","properties":{"ndvi":0.6796562180636299}},{"type":"Feature","geometry":{"geodesic":false,"type":"Point","coordinates":[80.04999786199572,12.84253988059371]},"id":"670","properties":{"ndvi":0.5639257370018381}},{"type":"Feature","geometry":{"geodesic":false,"type":"Point","coordinates":[80.05224365020601,12.84253988059371]},"id":"671","properties":{"ndvi":0.639712921476104}},{"type":"Feature","geometry":{"geodesic":false,"type":"Point","coordinates":[80.05448943841631,12.84253988059371]},"id":"672","properties":{"ndvi":0.46300130127178896}},{"type":"Feature","geometry":{"geodesic":false,"type":"Point","coordinates":[80.05673522662661,12.84253988059371]},"id":"673","properties":{"ndvi":0.30415441768385404}},{"type":"Feature","geometry":{"geodesic":false,"type":"Point","coordinates":[80.0589810148369,12.84253988059371]},"id":"674","properties":{"ndvi":0.3249321700271319}},{"type":"Feature","geometry":{"geodesic":false,"type":"Point","coordinates":[80.0612268030472,12.84253988059371]},"id":"675","properties":{"ndvi":0.3467676995418525}},{"type":"Feature","geometry":{"geodesic":false,"type":"Point","coordinates":[80.06347259125751,12.84253988059371]},"id":"676","properties":{"ndvi":0.4177911044477762}},{"type":"Feature","geometry":{"geodesic":false,"type":"Point","coordinates":[80.06571837946781,12.84253988059371]},"id":"677","properties":{"ndvi":0.47183732010890694}},{"type":"Feature","geometry":{"geodesic":false,"type":"Point","coordinates":[80.0679641676781,12.84253988059371]},"id":"678","properties":{"ndvi":0.39687233195010396}},{"type":"Feature","geometry":{"geodesic":false,"type":"Point","coordinates":[80.0702099558884,12.84253988059371]},"id":"679","properties":{"ndvi":0.4650580931530078}},{"type":"Feature","geometry":{"geodesic":false,"type":"Point","coordinates":[80.0724557440987,12.84253988059371]},"id":"680","properties":{"ndvi":0.5892457816629395}},{"type":"Feature","geometry":{"geodesic":false,"type":"Point","coordinates":[80.074701532309,12.84253988059371]},"id":"681","properties":{"ndvi":0.6745126181744114}},{"type":"Feature","geometry":{"geodesic":false,"type":"Point","coordinates":[80.0769473205193,12.84253988059371]},"id":"682","properties":{"ndvi":0.6660195969680164}},{"type":"Feature","geometry":{"geodesic":false,"type":"Point","coordinates":[80.0791931087296,12.84253988059371]},"id":"683","properties":{"ndvi":0.6186842307819183}},{"type":"Feature","geometry":{"geodesic":false,"type":"Point","coordinates":[80.00059052136913,12.84478566880401]},"id":"684","properties":{"ndvi":0.45525579775598807}},{"type":"Feature","geometry":{"geodesic":false,"type":"Point","coordinates":[80.00283630957944,12.84478566880401]},"id":"685","properties":{"ndvi":0.48732094101806506}},{"type":"Feature","geometry":{"geodesic":false,"type":"Point","coordinates":[80.00508209778974,12.84478566880401]},"id":"686","properties":{"ndvi":0.5002130638582821}},{"type":"Feature","geometry":{"geodesic":false,"type":"Point","coordinates":[80.00732788600004,12.84478566880401]},"id":"687","properties":{"ndvi":0.5604996994475973}},{"type":"Feature","geometry":{"geodesic":false,"type":"Point","coordinates":[80.00957367421033,12.84478566880401]},"id":"688","properties":{"ndvi":0.597882501870073}},{"type":"Feature","geometry":{"geodesic":false,"type":"Point","coordinates":[80.01181946242063,12.84478566880401]},"id":"689","properties":{"ndvi":0.5452540388135381}},{"type":"Feature","geometry":{"geodesic":false,"type":"Point","coordinates":[80.01406525063094,12.84478566880401]},"id":"690","properties":{"ndvi":0.45649895886817027}},{"type":"Feature","geometry":{"geodesic":false,"type":"Point","coordinates":[80.01631103884124,12.84478566880401]},"id":"691","properties":{"ndvi":0.4750842640935827}},{"type":"Feature","geometry":{"geodesic":false,"type":"Point","coordinates":[80.01855682705153,12.84478566880401]},"id":"692","properties":{"ndvi":0.5563950649842266}},{"type":"Feature","geometry":{"geodesic":false,"type":"Point","coordinates":[80.02080261526183,12.84478566880401]},"id":"693","properties":{"ndvi":0.6011954290786042}},{"type":"Feature","geometry":{"geodesic":false,"type":"Point","coordinates":[80.02304840347213,12.84478566880401]},"id":"694","properties":{"ndvi":0.6123566394915021}},{"type":"Feature","geometry":{"geodesic":false,"type":"Point","coordinates":[80.02529419168242,12.84478566880401]},"id":"695","properties":{"ndvi":0.5698244597269859}},{"type":"Feature","geometry":{"geodesic":false,"type":"Point","coordinates":[80.02753997989272,12.84478566880401]},"id":"696","properties":{"ndvi":0.5674788805671303}},{"type":"Feature","geometry":{"geodesic":false,"type":"Point","coordinates":[80.02978576810303,12.84478566880401]},"id":"697","properties":{"ndvi":0.5435621422851766}},{"type":"Feature","geometry":{"geodesic":false,"type":"Point","coordinates":[80.03203155631333,12.84478566880401]},"id":"698","properties":{"ndvi":0.5123550688915188}},{"type":"Feature","geometry":{"geodesic":false,"type":"Point","coordinates":[80.03427734452362,12.84478566880401]},"id":"699","properties":{"ndvi":0.5063400665511553}},{"type":"Feature","geometry":{"geodesic":false,"type":"Point","coordinates":[80.03652313273392,12.84478566880401]},"id":"700","properties":{"ndvi":0.5484009458489343}},{"type":"Feature","geometry":{"geodesic":false,"type":"Point","coordinates":[80.03876892094422,12.84478566880401]},"id":"701","properties":{"ndvi":0.6582349841409516}},{"type":"Feature","geometry":{"geodesic":false,"type":"Point","coordinates":[80.04101470915452,12.84478566880401]},"id":"702","properties":{"ndvi":0.6429360340897188}},{"type":"Feature","geometry":{"geodesic":false,"type":"Point","coordinates":[80.04326049736481,12.84478566880401]},"id":"703","properties":{"ndvi":0.5517782845634192}},{"type":"Feature","geometry":{"geodesic":false,"type":"Point","coordinates":[80.04550628557512,12.84478566880401]},"id":"704","properties":{"ndvi":0.6370576890757131}},{"type":"Feature","geometry":{"geodesic":false,"type":"Point","coordinates":[80.04775207378542,12.84478566880401]},"id":"705","properties":{"ndvi":0.6948490804814346}},{"type":"Feature","geometry":{"geodesic":false,"type":"Point","coordinates":[80.04999786199572,12.84478566880401]},"id":"706","properties":{"ndvi":0.5633817127404316}},{"type":"Feature","geometry":{"geodesic":false,"type":"Point","coordinates":[80.05224365020601,12.84478566880401]},"id":"707","properties":{"ndvi":0.5602127504576133}},{"type":"Feature","geometry":{"geodesic":false,"type":"Point","coordinates":[80.05448943841631,12.84478566880401]},"id":"708","properties":{"ndvi":0.669675258250132}},{"type":"Feature","geometry":{"geodesic":false,"type":"Point","coordinates":[80.05673522662661,12.84478566880401]},"id":"709","properties":{"ndvi":0.4444848803437056}},{"type":"Feature","geometry":{"geodesic":false,"type":"Point","coordinates":[80.0589810148369,12.84478566880401]},"id":"710","properties":{"ndvi":0.3123159608551921}},{"type":"Feature","geometry":{"geodesic":false,"type":"Point","coordinates":[80.0612268030472,12.84478566880401]},"id":"711","properties":{"ndvi":0.28694530746233654}},{"type":"Feature","geometry":{"geodesic":false,"type":"Point","coordinates":[80.06347259125751,12.84478566880401]},"id":"712","properties":{"ndvi":0.4584137364834996}},{"type":"Feature","geometry":{"geodesic":false,"type":"Point","coordinates":[80.06571837946781,12.84478566880401]},"id":"713","properties":{"ndvi":0.5717247909552899}},{"type":"Feature","geometry":{"geodesic":false,"type":"Point","coordinates":[80.0679641676781,12.84478566880401]},"id":"714","properties":{"ndvi":0.4177747876101526}},{"type":"Feature","geometry":{"geodesic":false,"type":"Point","coordinates":[80.0702099558884,12.84478566880401]},"id":"715","properties":{"ndvi":0.41865033686556674}},{"type":"Feature","geometry":{"geodesic":false,"type":"Point","coordinates":[80.0724557440987,12.84478566880401]},"id":"716","properties":{"ndvi":0.5018060032462336}},{"type":"Feature","geometry":{"geodesic":false,"type":"Point","coordinates":[80.074701532309,12.84478566880401]},"id":"717","properties":{"ndvi":0.7157700485417419}},{"type":"Feature","geometry":{"geodesic":false,"type":"Point","coordinates":[80.0769473205193,12.84478566880401]},"id":"718","properties":{"ndvi":0.6769311437900709}},{"type":"Feature","geometry":{"geodesic":false,"type":"Point","coordinates":[80.0791931087296,12.84478566880401]},"id":"719","properties":{"ndvi":0.6117720099335097}},{"type":"Feature","geometry":{"geodesic":false,"type":"Point","coordinates":[80.00059052136913,12.847031457014307]},"id":"720","properties":{"ndvi":0.45828570939471397}},{"type":"Feature","geometry":{"geodesic":false,"type":"Point","coordinates":[80.00283630957944,12.847031457014307]},"id":"721","properties":{"ndvi":0.3596695901589077}},{"type":"Feature","geometry":{"geodesic":false,"type":"Point","coordinates":[80.00508209778974,12.847031457014307]},"id":"722","properties":{"ndvi":0.3990877863842007}},{"type":"Feature","geometry":{"geodesic":false,"type":"Point","coordinates":[80.00732788600004,12.847031457014307]},"id":"723","properties":{"ndvi":0.44186031546694915}},{"type":"Feature","geometry":{"geodesic":false,"type":"Point","coordinates":[80.00957367421033,12.847031457014307]},"id":"724","properties":{"ndvi":0.4960024047160764}},{"type":"Feature","geometry":{"geodesic":false,"type":"Point","coordinates":[80.01181946242063,12.847031457014307]},"id":"725","properties":{"ndvi":0.5333264915209803}},{"type":"Feature","geometry":{"geodesic":false,"type":"Point","coordinates":[80.01406525063094,12.847031457014307]},"id":"726","properties":{"ndvi":0.4814313500839305}},{"type":"Feature","geometry":{"geodesic":false,"type":"Point","coordinates":[80.01631103884124,12.847031457014307]},"id":"727","properties":{"ndvi":0.5232484195355074}},{"type":"Feature","geometry":{"geodesic":false,"type":"Point","coordinates":[80.01855682705153,12.847031457014307]},"id":"728","properties":{"ndvi":0.534997200223982}},{"type":"Feature","geometry":{"geodesic":false,"type":"Point","coordinates":[80.02080261526183,12.847031457014307]},"id":"729","properties":{"ndvi":0.6093604227803268}},{"type":"Feature","geometry":{"geodesic":false,"type":"Point","coordinates":[80.02304840347213,12.847031457014307]},"id":"730","properties":{"ndvi":0.6263040891525163}},{"type":"Feature","geometry":{"geodesic":false,"type":"Point","coordinates":[80.02529419168242,12.847031457014307]},"id":"731","properties":{"ndvi":0.5723474544683993}},{"type":"Feature","geometry":{"geodesic":false,"type":"Point","coordinates":[80.02753997989272,12.847031457014307]},"id":"732","properties":{"ndvi":0.5420328393202745}},{"type":"Feature","geometry":{"geodesic":false,"type":"Point","coordinates":[80.02978576810303,12.847031457014307]},"id":"733","properties":{"ndvi":0.570303600821489}},{"type":"Feature","geometry":{"geodesic":false,"type":"Point","coordinates":[80.03203155631333,12.847031457014307]},"id":"734","properties":{"ndvi":0.5573704202910585}},{"type":"Feature","geometry":{"geodesic":false,"type":"Point","coordinates":[80.03427734452362,12.847031457014307]},"id":"735","properties":{"ndvi":0.5766224558250134}},{"type":"Feature","geometry":{"geodesic":false,"type":"Point","coordinates":[80.03652313273392,12.847031457014307]},"id":"736","properties":{"ndvi":0.537295686224773}},{"type":"Feature","geometry":{"geodesic":false,"type":"Point","coordinates":[80.03876892094422,12.847031457014307]},"id":"737","properties":{"ndvi":0.5688210310329824}},{"type":"Feature","geometry":{"geodesic":false,"type":"Point","coordinates":[80.04101470915452,12.847031457014307]},"id":"738","properties":{"ndvi":0.6625785183170713}},{"type":"Feature","geometry":{"geodesic":false,"type":"Point","coordinates":[80.04326049736481,12.847031457014307]},"id":"739","properties":{"ndvi":0.5064045253935927}},{"type":"Feature","geometry":{"geodesic":false,"type":"Point","coordinates":[80.04550628557512,12.847031457014307]},"id":"740","properties":{"ndvi":0.6091053317832346}},{"type":"Feature","geometry":{"geodesic":false,"type":"Point","coordinates":[80.04775207378542,12.847031457014307]},"id":"741","properties":{"ndvi":0.6590770007255292}},{"type":"Feature","geometry":{"geodesic":false,"type":"Point","coordinates":[80.04999786199572,12.847031457014307]},"id":"742","properties":{"ndvi":0.5625005507518306}},{"type":"Feature","geometry":{"geodesic":false,"type":"Point","coordinates":[80.05224365020601,12.847031457014307]},"id":"743","properties":{"ndvi":0.5740117515019277}},{"type":"Feature","geometry":{"geodesic":false,"type":"Point","coordinates":[80.05448943841631,12.847031457014307]},"id":"744","properties":{"ndvi":0.6626129685416565}},{"type":"Feature","geometry":{"geodesic":false,"type":"Point","coordinates":[80.05673522662661,12.847031457014307]},"id":"745","properties":{"ndvi":0.661081721793599}},{"type":"Feature","geometry":{"geodesic":false,"type":"Point","coordinates":[80.0589810148369,12.847031457014307]},"id":"746","properties":{"ndvi":0.48359533526726256}},{"type":"Feature","geometry":{"geodesic":false,"type":"Point","coordinates":[80.0612268030472,12.847031457014307]},"id":"747","properties":{"ndvi":0.32359469587777456}},{"type":"Feature","geometry":{"geodesic":false,"type":"Point","coordinates":[80.06347259125751,12.847031457014307]},"id":"748","properties":{"ndvi":0.3649678788776294}},{"type":"Feature","geometry":{"geodesic":false,"type":"Point","coordinates":[80.06571837946781,12.847031457014307]},"id":"749","properties":{"ndvi":0.4126904799857739}},{"type":"Feature","geometry":{"geodesic":false,"type":"Point","coordinates":[80.0679641676781,12.847031457014307]},"id":"750","properties":{"ndvi":0.3912153412014862}},{"type":"Feature","geometry":{"geodesic":false,"type":"Point","coordinates":[80.0702099558884,12.847031457014307]},"id":"751","properties":{"ndvi":0.4793175868120486}},{"type":"Feature","geometry":{"geodesic":false,"type":"Point","coordinates":[80.0724557440987,12.847031457014307]},"id":"752","properties":{"ndvi":0.5484007715283121}},{"type":"Feature","geometry":{"geodesic":false,"type":"Point","coordinates":[80.074701532309,12.847031457014307]},"id":"753","properties":{"ndvi":0.6563718503003979}},{"type":"Feature","geometry":{"geodesic":false,"type":"Point","coordinates":[80.0769473205193,12.847031457014307]},"id":"754","properties":{"ndvi":0.5527210944812916}},{"type":"Feature","geometry":{"geodesic":false,"type":"Point","coordinates":[80.0791931087296,12.847031457014307]},"id":"755","properties":{"ndvi":0.5709635249788533}},{"type":"Feature","geometry":{"geodesic":false,"type":"Point","coordinates":[80.00059052136913,12.849277245224606]},"id":"756","properties":{"ndvi":0.5661817336741807}},{"type":"Feature","geometry":{"geodesic":false,"type":"Point","coordinates":[80.00283630957944,12.849277245224606]},"id":"757","properties":{"ndvi":0.4008361807338867}},{"type":"Feature","geometry":{"geodesic":false,"type":"Point","coordinates":[80.00508209778974,12.849277245224606]},"id":"758","properties":{"ndvi":0.40144428573710655}},{"type":"Feature","geometry":{"geodesic":false,"type":"Point","coordinates":[80.00732788600004,12.849277245224606]},"id":"759","properties":{"ndvi":0.3227966158150687}},{"type":"Feature","geometry":{"geodesic":false,"type":"Point","coordinates":[80.00957367421033,12.849277245224606]},"id":"760","properties":{"ndvi":0.3460053721616346}},{"type":"Feature","geometry":{"geodesic":false,"type":"Point","coordinates":[80.01181946242063,12.849277245224606]},"id":"761","properties":{"ndvi":0.5359879867439932}},{"type":"Feature","geometry":{"geodesic":false,"type":"Point","coordinates":[80.01406525063094,12.849277245224606]},"id":"762","properties":{"ndvi":0.5717454949147265}},{"type":"Feature","geometry":{"geodesic":false,"type":"Point","coordinates":[80.01631103884124,12.849277245224606]},"id":"763","properties":{"ndvi":0.523127491185316}},{"type":"Feature","geometry":{"geodesic":false,"type":"Point","coordinates":[80.01855682705153,12.849277245224606]},"id":"764","properties":{"ndvi":0.5059248845149629}},{"type":"Feature","geometry":{"geodesic":false,"type":"Point","coordinates":[80.02080261526183,12.849277245224606]},"id":"765","properties":{"ndvi":0.5625742372651276}},{"type":"Feature","geometry":{"geodesic":false,"type":"Point","coordinates":[80.02304840347213,12.849277245224606]},"id":"766","properties":{"ndvi":0.6161813101306481}},{"type":"Feature","geometry":{"geodesic":false,"type":"Point","coordinates":[80.02529419168242,12.849277245224606]},"id":"767","properties":{"ndvi":0.5945488102602923}},{"type":"Feature","geometry":{"geodesic":false,"type":"Point","coordinates":[80.02753997989272,12.849277245224606]},"id":"768","properties":{"ndvi":0.5704069108761329}},{"type":"Feature","geometry":{"geodesic":false,"type":"Point","coordinates":[80.02978576810303,12.849277245224606]},"id":"769","properties":{"ndvi":0.5028026389072275}},{"type":"Feature","geometry":{"geodesic":false,"type":"Point","coordinates":[80.03203155631333,12.849277245224606]},"id":"770","properties":{"ndvi":0.42705960344723676}},{"type":"Feature","geometry":{"geodesic":false,"type":"Point","coordinates":[80.03427734452362,12.849277245224606]},"id":"771","properties":{"ndvi":0.5700942676150751}},{"type":"Feature","geometry":{"geodesic":false,"type":"Point","coordinates":[80.03652313273392,12.849277245224606]},"id":"772","properties":{"ndvi":0.5461759237520996}},{"type":"Feature","geometry":{"geodesic":false,"type":"Point","coordinates":[80.03876892094422,12.849277245224606]},"id":"773","properties":{"ndvi":0.533650479341238}},{"type":"Feature","geometry":{"geodesic":false,"type":"Point","coordinates":[80.04101470915452,12.849277245224606]},"id":"774","properties":{"ndvi":0.616306277442798}},{"type":"Feature","geometry":{"geodesic":false,"type":"Point","coordinates":[80.04326049736481,12.849277245224606]},"id":"775","properties":{"ndvi":0.4879411782061949}},{"type":"Feature","geometry":{"geodesic":false,"type":"Point","coordinates":[80.04550628557512,12.849277245224606]},"id":"776","properties":{"ndvi":0.5345659901131922}},{"type":"Feature","geometry":{"geodesic":false,"type":"Point","coordinates":[80.04775207378542,12.849277245224606]},"id":"777","properties":{"ndvi":0.6847305728115907}},{"type":"Feature","geometry":{"geodesic":false,"type":"Point","coordinates":[80.04999786199572,12.849277245224606]},"id":"778","properties":{"ndvi":0.5789587660324241}},{"type":"Feature","geometry":{"geodesic":false,"type":"Point","coordinates":[80.05224365020601,12.849277245224606]},"id":"779","properties":{"ndvi":0.5703120022737447}},{"type":"Feature","geometry":{"geodesic":false,"type":"Point","coordinates":[80.05448943841631,12.849277245224606]},"id":"780","properties":{"ndvi":0.5092462917790623}},{"type":"Feature","geometry":{"geodesic":false,"type":"Point","coordinates":[80.05673522662661,12.849277245224606]},"id":"781","properties":{"ndvi":0.5127564461684737}},{"type":"Feature","geometry":{"geodesic":false,"type":"Point","coordinates":[80.0589810148369,12.849277245224606]},"id":"782","properties":{"ndvi":0.4689687253215632}},{"type":"Feature","geometry":{"geodesic":false,"type":"Point","coordinates":[80.0612268030472,12.849277245224606]},"id":"783","properties":{"ndvi":0.362865282589939}},{"type":"Feature","geometry":{"geodesic":false,"type":"Point","coordinates":[80.06347259125751,12.849277245224606]},"id":"784","properties":{"ndvi":0.3407363253387271}},{"type":"Feature","geometry":{"geodesic":false,"type":"Point","coordinates":[80.06571837946781,12.849277245224606]},"id":"785","properties":{"ndvi":0.3947801585647232}},{"type":"Feature","geometry":{"geodesic":false,"type":"Point","coordinates":[80.0679641676781,12.849277245224606]},"id":"786","properties":{"ndvi":0.41637427784358316}},{"type":"Feature","geometry":{"geodesic":false,"type":"Point","coordinates":[80.0702099558884,12.849277245224606]},"id":"787","properties":{"ndvi":0.4711028713785307}},{"type":"Feature","geometry":{"geodesic":false,"type":"Point","coordinates":[80.0724557440987,12.849277245224606]},"id":"788","properties":{"ndvi":0.5325341151171794}},{"type":"Feature","geometry":{"geodesic":false,"type":"Point","coordinates":[80.074701532309,12.849277245224606]},"id":"789","properties":{"ndvi":0.587052732199409}},{"type":"Feature","geometry":{"geodesic":false,"type":"Point","coordinates":[80.0769473205193,12.849277245224606]},"id":"790","properties":{"ndvi":0.6072887945858666}},{"type":"Feature","geometry":{"geodesic":false,"type":"Point","coordinates":[80.0791931087296,12.849277245224606]},"id":"791","properties":{"ndvi":0.6440107671601615}},{"type":"Feature","geometry":{"geodesic":false,"type":"Point","coordinates":[80.00059052136913,12.851523033434905]},"id":"792","properties":{"ndvi":0.5148469413771026}},{"type":"Feature","geometry":{"geodesic":false,"type":"Point","coordinates":[80.00283630957944,12.851523033434905]},"id":"793","properties":{"ndvi":0.5156371888518546}},{"type":"Feature","geometry":{"geodesic":false,"type":"Point","coordinates":[80.00508209778974,12.851523033434905]},"id":"794","properties":{"ndvi":0.45192343361650034}},{"type":"Feature","geometry":{"geodesic":false,"type":"Point","coordinates":[80.00732788600004,12.851523033434905]},"id":"795","properties":{"ndvi":0.5453046738000483}},{"type":"Feature","geometry":{"geodesic":false,"type":"Point","coordinates":[80.00957367421033,12.851523033434905]},"id":"796","properties":{"ndvi":0.5756825233077152}},{"type":"Feature","geometry":{"geodesic":false,"type":"Point","coordinates":[80.01181946242063,12.851523033434905]},"id":"797","properties":{"ndvi":0.6366013353203531}},{"type":"Feature","geometry":{"geodesic":false,"type":"Point","coordinates":[80.01406525063094,12.851523033434905]},"id":"798","properties":{"ndvi":0.592610004404861}},{"type":"Feature","geometry":{"geodesic":false,"type":"Point","coordinates":[80.01631103884124,12.851523033434905]},"id":"799","properties":{"ndvi":0.5628906867464687}},{"type":"Feature","geometry":{"geodesic":false,"type":"Point","coordinates":[80.01855682705153,12.851523033434905]},"id":"800","properties":{"ndvi":0.5053185349981328}},{"type":"Feature","geometry":{"geodesic":false,"type":"Point","coordinates":[80.02080261526183,12.851523033434905]},"id":"801","properties":{"ndvi":0.513097099632742}},{"type":"Feature","geometry":{"geodesic":false,"type":"Point","coordinates":[80.02304840347213,12.851523033434905]},"id":"802","properties":{"ndvi":0.5855906946438698}},{"type":"Feature","geometry":{"geodesic":false,"type":"Point","coordinates":[80.02529419168242,12.851523033434905]},"id":"803","properties":{"ndvi":0.5983490194320593}},{"type":"Feature","geometry":{"geodesic":false,"type":"Point","coordinates":[80.02753997989272,12.851523033434905]},"id":"804","properties":{"ndvi":0.6081256452701339}},{"type":"Feature","geometry":{"geodesic":false,"type":"Point","coordinates":[80.02978576810303,12.851523033434905]},"id":"805","properties":{"ndvi":0.5562136761812881}},{"type":"Feature","geometry":{"geodesic":false,"type":"Point","coordinates":[80.03203155631333,12.851523033434905]},"id":"806","properties":{"ndvi":0.5262285930509182}},{"type":"Feature","geometry":{"geodesic":false,"type":"Point","coordinates":[80.03427734452362,12.851523033434905]},"id":"807","properties":{"ndvi":0.5688923939712585}},{"type":"Feature","geometry":{"geodesic":false,"type":"Point","coordinates":[80.03652313273392,12.851523033434905]},"id":"808","properties":{"ndvi":0.6000537339960526}},{"type":"Feature","geometry":{"geodesic":false,"type":"Point","coordinates":[80.03876892094422,12.851523033434905]},"id":"809","properties":{"ndvi":0.5141582260226328}},{"type":"Feature","geometry":{"geodesic":false,"type":"Point","coordinates":[80.04101470915452,12.851523033434905]},"id":"810","properties":{"ndvi":0.4847812301838934}},{"type":"Feature","geometry":{"geodesic":false,"type":"Point","coordinates":[80.04326049736481,12.851523033434905]},"id":"811","properties":{"ndvi":0.44941989960440154}},{"type":"Feature","geometry":{"geodesic":false,"type":"Point","coordinates":[80.04550628557512,12.851523033434905]},"id":"812","properties":{"ndvi":0.4263939140733156}},{"type":"Feature","geometry":{"geodesic":false,"type":"Point","coordinates":[80.04775207378542,12.851523033434905]},"id":"813","properties":{"ndvi":0.5074139496346552}},{"type":"Feature","geometry":{"geodesic":false,"type":"Point","coordinates":[80.04999786199572,12.851523033434905]},"id":"814","properties":{"ndvi":0.49316440290492425}},{"type":"Feature","geometry":{"geodesic":false,"type":"Point","coordinates":[80.05224365020601,12.851523033434905]},"id":"815","properties":{"ndvi":0.540211737723294}},{"type":"Feature","geometry":{"geodesic":false,"type":"Point","coordinates":[80.05448943841631,12.851523033434905]},"id":"816","properties":{"ndvi":0.5019879111089853}},{"type":"Feature","geometry":{"geodesic":false,"type":"Point","coordinates":[80.05673522662661,12.851523033434905]},"id":"817","properties":{"ndvi":0.5159467802730882}},{"type":"Feature","geometry":{"geodesic":false,"type":"Point","coordinates":[80.0589810148369,12.851523033434905]},"id":"818","properties":{"ndvi":0.5877990095309288}},{"type":"Feature","geometry":{"geodesic":false,"type":"Point","coordinates":[80.0612268030472,12.851523033434905]},"id":"819","properties":{"ndvi":0.5166757385205494}},{"type":"Feature","geometry":{"geodesic":false,"type":"Point","coordinates":[80.06347259125751,12.851523033434905]},"id":"820","properties":{"ndvi":0.3320408936009088}},{"type":"Feature","geometry":{"geodesic":false,"type":"Point","coordinates":[80.06571837946781,12.851523033434905]},"id":"821","properties":{"ndvi":0.34363510582894813}},{"type":"Feature","geometry":{"geodesic":false,"type":"Point","coordinates":[80.0679641676781,12.851523033434905]},"id":"822","properties":{"ndvi":0.3923266636163778}},{"type":"Feature","geometry":{"geodesic":false,"type":"Point","coordinates":[80.0702099558884,12.851523033434905]},"id":"823","properties":{"ndvi":0.4839955664528263}},{"type":"Feature","geometry":{"geodesic":false,"type":"Point","coordinates":[80.0724557440987,12.851523033434905]},"id":"824","properties":{"ndvi":0.5952163550390057}},{"type":"Feature","geometry":{"geodesic":false,"type":"Point","coordinates":[80.074701532309,12.851523033434905]},"id":"825","properties":{"ndvi":0.6593461256264534}},{"type":"Feature","geometry":{"geodesic":false,"type":"Point","coordinates":[80.0769473205193,12.851523033434905]},"id":"826","properties":{"ndvi":0.6450749882830807}},{"type":"Feature","geometry":{"geodesic":false,"type":"Point","coordinates":[80.0791931087296,12.851523033434905]},"id":"827","properties":{"ndvi":0.5619866007077983}},{"type":"Feature","geometry":{"geodesic":false,"type":"Point","coordinates":[80.00059052136913,12.853768821645204]},"id":"828","properties":{"ndvi":0.2742676021364546}},{"type":"Feature","geometry":{"geodesic":false,"type":"Point","coordinates":[80.00283630957944,12.853768821645204]},"id":"829","properties":{"ndvi":0.40377812468670776}},{"type":"Feature","geometry":{"geodesic":false,"type":"Point","coordinates":[80.00508209778974,12.853768821645204]},"id":"830","properties":{"ndvi":0.45202967214246237}},{"type":"Feature","geometry":{"geodesic":false,"type":"Point","coordinates":[80.00732788600004,12.853768821645204]},"id":"831","properties":{"ndvi":0.5866145231534975}},{"type":"Feature","geometry":{"geodesic":false,"type":"Point","coordinates":[80.00957367421033,12.853768821645204]},"id":"832","properties":{"ndvi":0.5993821152932124}},{"type":"Feature","geometry":{"geodesic":false,"type":"Point","coordinates":[80.01181946242063,12.853768821645204]},"id":"833","properties":{"ndvi":0.5730475377296771}},{"type":"Feature","geometry":{"geodesic":false,"type":"Point","coordinates":[80.01406525063094,12.853768821645204]},"id":"834","properties":{"ndvi":0.572963650530264}},{"type":"Feature","geometry":{"geodesic":false,"type":"Point","coordinates":[80.01631103884124,12.853768821645204]},"id":"835","properties":{"ndvi":0.5817072972345643}},{"type":"Feature","geometry":{"geodesic":false,"type":"Point","coordinates":[80.01855682705153,12.853768821645204]},"id":"836","properties":{"ndvi":0.4614731744169064}},{"type":"Feature","geometry":{"geodesic":false,"type":"Point","coordinates":[80.02080261526183,12.853768821645204]},"id":"837","properties":{"ndvi":0.496865085268845}},{"type":"Feature","geometry":{"geodesic":false,"type":"Point","coordinates":[80.02304840347213,12.853768821645204]},"id":"838","properties":{"ndvi":0.4667759245665249}},{"type":"Feature","geometry":{"geodesic":false,"type":"Point","coordinates":[80.02529419168242,12.853768821645204]},"id":"839","properties":{"ndvi":0.5162927824761114}},{"type":"Feature","geometry":{"geodesic":false,"type":"Point","coordinates":[80.02753997989272,12.853768821645204]},"id":"840","properties":{"ndvi":0.5400227599295253}},{"type":"Feature","geometry":{"geodesic":false,"type":"Point","coordinates":[80.02978576810303,12.853768821645204]},"id":"841","properties":{"ndvi":0.5612898642326817}},{"type":"Feature","geometry":{"geodesic":false,"type":"Point","coordinates":[80.03203155631333,12.853768821645204]},"id":"842","properties":{"ndvi":0.5068925680193614}},{"type":"Feature","geometry":{"geodesic":false,"type":"Point","coordinates":[80.03427734452362,12.853768821645204]},"id":"843","properties":{"ndvi":0.5128817701460768}},{"type":"Feature","geometry":{"geodesic":false,"type":"Point","coordinates":[80.03652313273392,12.853768821645204]},"id":"844","properties":{"ndvi":0.4995827869829538}},{"type":"Feature","geometry":{"geodesic":false,"type":"Point","coordinates":[80.03876892094422,12.853768821645204]},"id":"845","properties":{"ndvi":0.49620977639441327}},{"type":"Feature","geometry":{"geodesic":false,"type":"Point","coordinates":[80.04101470915452,12.853768821645204]},"id":"846","properties":{"ndvi":0.46864849033115547}},{"type":"Feature","geometry":{"geodesic":false,"type":"Point","coordinates":[80.04326049736481,12.853768821645204]},"id":"847","properties":{"ndvi":0.45576321300007056}},{"type":"Feature","geometry":{"geodesic":false,"type":"Point","coordinates":[80.04550628557512,12.853768821645204]},"id":"848","properties":{"ndvi":0.4306445479996544}},{"type":"Feature","geometry":{"geodesic":false,"type":"Point","coordinates":[80.04775207378542,12.853768821645204]},"id":"849","properties":{"ndvi":0.4471781305114639}},{"type":"Feature","geometry":{"geodesic":false,"type":"Point","coordinates":[80.04999786199572,12.853768821645204]},"id":"850","properties":{"ndvi":0.4592621591746501}},{"type":"Feature","geometry":{"geodesic":false,"type":"Point","coordinates":[80.05224365020601,12.853768821645204]},"id":"851","properties":{"ndvi":0.5432307132691456}},{"type":"Feature","geometry":{"geodesic":false,"type":"Point","coordinates":[80.05448943841631,12.853768821645204]},"id":"852","properties":{"ndvi":0.47765858208955214}},{"type":"Feature","geometry":{"geodesic":false,"type":"Point","coordinates":[80.05673522662661,12.853768821645204]},"id":"853","properties":{"ndvi":0.4814697479704692}},{"type":"Feature","geometry":{"geodesic":false,"type":"Point","coordinates":[80.0589810148369,12.853768821645204]},"id":"854","properties":{"ndvi":0.5664476291866435}},{"type":"Feature","geometry":{"geodesic":false,"type":"Point","coordinates":[80.0612268030472,12.853768821645204]},"id":"855","properties":{"ndvi":0.5302389868085517}},{"type":"Feature","geometry":{"geodesic":false,"type":"Point","coordinates":[80.06347259125751,12.853768821645204]},"id":"856","properties":{"ndvi":0.40844865436228867}},{"type":"Feature","geometry":{"geodesic":false,"type":"Point","coordinates":[80.06571837946781,12.853768821645204]},"id":"857","properties":{"ndvi":0.41362359508197943}},{"type":"Feature","geometry":{"geodesic":false,"type":"Point","coordinates":[80.0679641676781,12.853768821645204]},"id":"858","properties":{"ndvi":0.3964708472837891}},{"type":"Feature","geometry":{"geodesic":false,"type":"Point","coordinates":[80.0702099558884,12.853768821645204]},"id":"859","properties":{"ndvi":0.5456440749056278}},{"type":"Feature","geometry":{"geodesic":false,"type":"Point","coordinates":[80.0724557440987,12.853768821645204]},"id":"860","properties":{"ndvi":0.7282929025557345}},{"type":"Feature","geometry":{"geodesic":false,"type":"Point","coordinates":[80.074701532309,12.853768821645204]},"id":"861","properties":{"ndvi":0.6440530251001699}},{"type":"Feature","geometry":{"geodesic":false,"type":"Point","coordinates":[80.0769473205193,12.853768821645204]},"id":"862","properties":{"ndvi":0.5874178821957465}},{"type":"Feature","geometry":{"geodesic":false,"type":"Point","coordinates":[80.0791931087296,12.853768821645204]},"id":"863","properties":{"ndvi":0.5098850295030113}},{"type":"Feature","geometry":{"geodesic":false,"type":"Point","coordinates":[80.00059052136913,12.856014609855503]},"id":"864","properties":{"ndvi":0.5034792413960345}},{"type":"Feature","geometry":{"geodesic":false,"type":"Point","coordinates":[80.00283630957944,12.856014609855503]},"id":"865","properties":{"ndvi":0.5098703159906144}},{"type":"Feature","geometry":{"geodesic":false,"type":"Point","coordinates":[80.00508209778974,12.856014609855503]},"id":"866","properties":{"ndvi":0.5030983458154697}},{"type":"Feature","geometry":{"geodesic":false,"type":"Point","coordinates":[80.00732788600004,12.856014609855503]},"id":"867","properties":{"ndvi":0.4707674354941236}},{"type":"Feature","geometry":{"geodesic":false,"type":"Point","coordinates":[80.00957367421033,12.856014609855503]},"id":"868","properties":{"ndvi":0.46224067335235386}},{"type":"Feature","geometry":{"geodesic":false,"type":"Point","coordinates":[80.01181946242063,12.856014609855503]},"id":"869","properties":{"ndvi":0.5480613294648451}},{"type":"Feature","geometry":{"geodesic":false,"type":"Point","coordinates":[80.01406525063094,12.856014609855503]},"id":"870","properties":{"ndvi":0.599422825169723}},{"type":"Feature","geometry":{"geodesic":false,"type":"Point","coordinates":[80.01631103884124,12.856014609855503]},"id":"871","properties":{"ndvi":0.5672273148948056}},{"type":"Feature","geometry":{"geodesic":false,"type":"Point","coordinates":[80.01855682705153,12.856014609855503]},"id":"872","properties":{"ndvi":0.5344695159575128}},{"type":"Feature","geometry":{"geodesic":false,"type":"Point","coordinates":[80.02080261526183,12.856014609855503]},"id":"873","properties":{"ndvi":0.5353815992157961}},{"type":"Feature","geometry":{"geodesic":false,"type":"Point","coordinates":[80.02304840347213,12.856014609855503]},"id":"874","properties":{"ndvi":0.38845038127722264}},{"type":"Feature","geometry":{"geodesic":false,"type":"Point","coordinates":[80.02529419168242,12.856014609855503]},"id":"875","properties":{"ndvi":0.4654703515791184}},{"type":"Feature","geometry":{"geodesic":false,"type":"Point","coordinates":[80.02753997989272,12.856014609855503]},"id":"876","properties":{"ndvi":0.46770917683291086}},{"type":"Feature","geometry":{"geodesic":false,"type":"Point","coordinates":[80.02978576810303,12.856014609855503]},"id":"877","properties":{"ndvi":0.5601911701335841}},{"type":"Feature","geometry":{"geodesic":false,"type":"Point","coordinates":[80.03203155631333,12.856014609855503]},"id":"878","properties":{"ndvi":0.5308055350435035}},{"type":"Feature","geometry":{"geodesic":false,"type":"Point","coordinates":[80.03427734452362,12.856014609855503]},"id":"879","properties":{"ndvi":0.5380215589939135}},{"type":"Feature","geometry":{"geodesic":false,"type":"Point","coordinates":[80.03652313273392,12.856014609855503]},"id":"880","properties":{"ndvi":0.49880910146947344}},{"type":"Feature","geometry":{"geodesic":false,"type":"Point","coordinates":[80.03876892094422,12.856014609855503]},"id":"881","properties":{"ndvi":0.4475169551034194}},{"type":"Feature","geometry":{"geodesic":false,"type":"Point","coordinates":[80.04101470915452,12.856014609855503]},"id":"882","properties":{"ndvi":0.48308408395466096}},{"type":"Feature","geometry":{"geodesic":false,"type":"Point","coordinates":[80.04326049736481,12.856014609855503]},"id":"883","properties":{"ndvi":0.5053191600074014}},{"type":"Feature","geometry":{"geodesic":false,"type":"Point","coordinates":[80.04550628557512,12.856014609855503]},"id":"884","properties":{"ndvi":0.4848797532829321}},{"type":"Feature","geometry":{"geodesic":false,"type":"Point","coordinates":[80.04775207378542,12.856014609855503]},"id":"885","properties":{"ndvi":0.4851569909439599}},{"type":"Feature","geometry":{"geodesic":false,"type":"Point","coordinates":[80.04999786199572,12.856014609855503]},"id":"886","properties":{"ndvi":0.4394839854831297}},{"type":"Feature","geometry":{"geodesic":false,"type":"Point","coordinates":[80.05224365020601,12.856014609855503]},"id":"887","properties":{"ndvi":0.4627262642201077}},{"type":"Feature","geometry":{"geodesic":false,"type":"Point","coordinates":[80.05448943841631,12.856014609855503]},"id":"888","properties":{"ndvi":0.44955712485108}},{"type":"Feature","geometry":{"geodesic":false,"type":"Point","coordinates":[80.05673522662661,12.856014609855503]},"id":"889","properties":{"ndvi":0.5440556878549184}},{"type":"Feature","geometry":{"geodesic":false,"type":"Point","coordinates":[80.0589810148369,12.856014609855503]},"id":"890","properties":{"ndvi":0.5469095654513574}},{"type":"Feature","geometry":{"geodesic":false,"type":"Point","coordinates":[80.0612268030472,12.856014609855503]},"id":"891","properties":{"ndvi":0.4920707731453695}},{"type":"Feature","geometry":{"geodesic":false,"type":"Point","coordinates":[80.06347259125751,12.856014609855503]},"id":"892","properties":{"ndvi":0.4973916221851503}},{"type":"Feature","geometry":{"geodesic":false,"type":"Point","coordinates":[80.06571837946781,12.856014609855503]},"id":"893","properties":{"ndvi":0.45913545563927316}},{"type":"Feature","geometry":{"geodesic":false,"type":"Point","coordinates":[80.0679641676781,12.856014609855503]},"id":"894","properties":{"ndvi":0.41995444594342324}},{"type":"Feature","geometry":{"geodesic":false,"type":"Point","coordinates":[80.0702099558884,12.856014609855503]},"id":"895","properties":{"ndvi":0.603132099802147}},{"type":"Feature","geometry":{"geodesic":false,"type":"Point","coordinates":[80.0724557440987,12.856014609855503]},"id":"896","properties":{"ndvi":0.6968731563224364}},{"type":"Feature","geometry":{"geodesic":false,"type":"Point","coordinates":[80.074701532309,12.856014609855503]},"id":"897","properties":{"ndvi":0.6315005561805167}},{"type":"Feature","geometry":{"geodesic":false,"type":"Point","coordinates":[80.0769473205193,12.856014609855503]},"id":"898","properties":{"ndvi":0.5046436488821628}},{"type":"Feature","geometry":{"geodesic":false,"type":"Point","coordinates":[80.0791931087296,12.856014609855503]},"id":"899","properties":{"ndvi":0.698701952314048}},{"type":"Feature","geometry":{"geodesic":false,"type":"Point","coordinates":[80.00059052136913,12.858260398065802]},"id":"900","properties":{"ndvi":0.5585740150049829}},{"type":"Feature","geometry":{"geodesic":false,"type":"Point","coordinates":[80.00283630957944,12.858260398065802]},"id":"901","properties":{"ndvi":0.7060088342985114}},{"type":"Feature","geometry":{"geodesic":false,"type":"Point","coordinates":[80.00508209778974,12.858260398065802]},"id":"902","properties":{"ndvi":0.6903822475564312}},{"type":"Feature","geometry":{"geodesic":false,"type":"Point","coordinates":[80.00732788600004,12.858260398065802]},"id":"903","properties":{"ndvi":0.5271935676415858}},{"type":"Feature","geometry":{"geodesic":false,"type":"Point","coordinates":[80.00957367421033,12.858260398065802]},"id":"904","properties":{"ndvi":0.5720022149407811}},{"type":"Feature","geometry":{"geodesic":false,"type":"Point","coordinates":[80.01181946242063,12.858260398065802]},"id":"905","properties":{"ndvi":0.5512923621285242}},{"type":"Feature","geometry":{"geodesic":false,"type":"Point","coordinates":[80.01406525063094,12.858260398065802]},"id":"906","properties":{"ndvi":0.5913519820938782}},{"type":"Feature","geometry":{"geodesic":false,"type":"Point","coordinates":[80.01631103884124,12.858260398065802]},"id":"907","properties":{"ndvi":0.567607158366876}},{"type":"Feature","geometry":{"geodesic":false,"type":"Point","coordinates":[80.01855682705153,12.858260398065802]},"id":"908","properties":{"ndvi":0.5384979532733702}},{"type":"Feature","geometry":{"geodesic":false,"type":"Point","coordinates":[80.02080261526183,12.858260398065802]},"id":"909","properties":{"ndvi":0.5280171573406122}},{"type":"Feature","geometry":{"geodesic":false,"type":"Point","coordinates":[80.02304840347213,12.858260398065802]},"id":"910","properties":{"ndvi":0.5266581263688582}},{"type":"Feature","geometry":{"geodesic":false,"type":"Point","coordinates":[80.02529419168242,12.858260398065802]},"id":"911","properties":{"ndvi":0.5437587347495993}},{"type":"Feature","geometry":{"geodesic":false,"type":"Point","coordinates":[80.02753997989272,12.858260398065802]},"id":"912","properties":{"ndvi":0.5130818732678848}},{"type":"Feature","geometry":{"geodesic":false,"type":"Point","coordinates":[80.02978576810303,12.858260398065802]},"id":"913","properties":{"ndvi":0.5989553372707197}},{"type":"Feature","geometry":{"geodesic":false,"type":"Point","coordinates":[80.03203155631333,12.858260398065802]},"id":"914","properties":{"ndvi":0.5610311728409035}},{"type":"Feature","geometry":{"geodesic":false,"type":"Point","coordinates":[80.03427734452362,12.858260398065802]},"id":"915","properties":{"ndvi":0.5046368991244884}},{"type":"Feature","geometry":{"geodesic":false,"type":"Point","coordinates":[80.03652313273392,12.858260398065802]},"id":"916","properties":{"ndvi":0.5225982762245114}},{"type":"Feature","geometry":{"geodesic":false,"type":"Point","coordinates":[80.03876892094422,12.858260398065802]},"id":"917","properties":{"ndvi":0.5638178029489178}},{"type":"Feature","geometry":{"geodesic":false,"type":"Point","coordinates":[80.04101470915452,12.858260398065802]},"id":"918","properties":{"ndvi":0.5351549640434863}},{"type":"Feature","geometry":{"geodesic":false,"type":"Point","coordinates":[80.04326049736481,12.858260398065802]},"id":"919","properties":{"ndvi":0.49729938472176727}},{"type":"Feature","geometry":{"geodesic":false,"type":"Point","coordinates":[80.04550628557512,12.858260398065802]},"id":"920","properties":{"ndvi":0.5212291236623543}},{"type":"Feature","geometry":{"geodesic":false,"type":"Point","coordinates":[80.04775207378542,12.858260398065802]},"id":"921","properties":{"ndvi":0.5134332184502501}},{"type":"Feature","geometry":{"geodesic":false,"type":"Point","coordinates":[80.04999786199572,12.858260398065802]},"id":"922","properties":{"ndvi":0.500552829797526}},{"type":"Feature","geometry":{"geodesic":false,"type":"Point","coordinates":[80.05224365020601,12.858260398065802]},"id":"923","properties":{"ndvi":0.5066061200774254}},{"type":"Feature","geometry":{"geodesic":false,"type":"Point","coordinates":[80.05448943841631,12.858260398065802]},"id":"924","properties":{"ndvi":0.468243129191155}},{"type":"Feature","geometry":{"geodesic":false,"type":"Point","coordinates":[80.05673522662661,12.858260398065802]},"id":"925","properties":{"ndvi":0.4911695706604636}},{"type":"Feature","geometry":{"geodesic":false,"type":"Point","coordinates":[80.0589810148369,12.858260398065802]},"id":"926","properties":{"ndvi":0.5223330658504644}},{"type":"Feature","geometry":{"geodesic":false,"type":"Point","coordinates":[80.0612268030472,12.858260398065802]},"id":"927","properties":{"ndvi":0.4918745668745668}},{"type":"Feature","geometry":{"geodesic":false,"type":"Point","coordinates":[80.06347259125751,12.858260398065802]},"id":"928","properties":{"ndvi":0.5242241611945669}},{"type":"Feature","geometry":{"geodesic":false,"type":"Point","coordinates":[80.06571837946781,12.858260398065802]},"id":"929","properties":{"ndvi":0.4622049660276454}},{"type":"Feature","geometry":{"geodesic":false,"type":"Point","coordinates":[80.0679641676781,12.858260398065802]},"id":"930","properties":{"ndvi":0.41285302058834406}},{"type":"Feature","geometry":{"geodesic":false,"type":"Point","coordinates":[80.0702099558884,12.858260398065802]},"id":"931","properties":{"ndvi":0.43780608985733555}},{"type":"Feature","geometry":{"geodesic":false,"type":"Point","coordinates":[80.0724557440987,12.858260398065802]},"id":"932","properties":{"ndvi":0.6223918050256093}},{"type":"Feature","geometry":{"geodesic":false,"type":"Point","coordinates":[80.074701532309,12.858260398065802]},"id":"933","properties":{"ndvi":0.47767022986959734}},{"type":"Feature","geometry":{"geodesic":false,"type":"Point","coordinates":[80.0769473205193,12.858260398065802]},"id":"934","properties":{"ndvi":0.42764833632731847}},{"type":"Feature","geometry":{"geodesic":false,"type":"Point","coordinates":[80.0791931087296,12.858260398065802]},"id":"935","properties":{"ndvi":0.4644690362904481}}]}